{"textures":{"0":"modelengine:entity/fx_ground_rupture"},"elements":[{"from":[3.3352985,6.25607,2.2421885],"to":[6.335298,9.25607,5.2421885],"faces":{"east":{"uv":[2.0,6.75,2.375,7.125],"tintindex":0,"rotation":0,"texture":"#0"},"south":{"uv":[4.6875,3.625,5.0625,4.0],"tintindex":0,"rotation":0,"texture":"#0"},"north":{"uv":[4.6875,3.625,5.0625,4.0],"tintindex":0,"rotation":0,"texture":"#0"},"west":{"uv":[2.0,6.75,2.375,7.125],"tintindex":0,"rotation":0,"texture":"#0"},"up":{"uv":[2.8125,7.1875,2.4375,6.8125],"tintindex":0,"rotation":0,"texture":"#0"},"down":{"uv":[2.8125,7.1875,2.4375,6.8125],"tintindex":0,"rotation":0,"texture":"#0"}},"rotation":{"origin":[2.8352985,7.75607,3.4921885],"angle":45.0,"axis":"x"}},{"from":[14.852324,6.6387534,14.315648],"to":[19.352325,9.638754,18.315647],"faces":{"east":{"uv":[6.375,3.875,6.875,4.25],"tintindex":0,"rotation":0,"texture":"#0"},"south":{"uv":[5.9375,1.6875,6.5,2.0625],"tintindex":0,"rotation":0,"texture":"#0"},"north":{"uv":[5.9375,1.6875,6.5,2.0625],"tintindex":0,"rotation":0,"texture":"#0"},"west":{"uv":[6.375,3.875,6.875,4.25],"tintindex":0,"rotation":0,"texture":"#0"},"up":{"uv":[4.6875,1.375,5.25,1.875],"tintindex":0,"rotation":0,"texture":"#0"},"down":{"uv":[4.6875,1.375,5.25,1.875],"tintindex":0,"rotation":0,"texture":"#0"}},"rotation":{"origin":[17.102325,8.138754,16.315647],"angle":22.5,"axis":"z"}},{"from":[-3.8770123,7.0560303,7.425467],"to":[0.62298775,10.05603,11.425467],"faces":{"east":{"uv":[6.375,3.875,6.875,4.25],"tintindex":0,"rotation":0,"texture":"#0"},"south":{"uv":[5.9375,1.6875,6.5,2.0625],"tintindex":0,"rotation":0,"texture":"#0"},"north":{"uv":[5.9375,1.6875,6.5,2.0625],"tintindex":0,"rotation":0,"texture":"#0"},"west":{"uv":[6.375,3.875,6.875,4.25],"tintindex":0,"rotation":0,"texture":"#0"},"up":{"uv":[5.25,1.875,4.6875,1.375],"tintindex":0,"rotation":0,"texture":"#0"},"down":{"uv":[5.25,1.875,4.6875,1.375],"tintindex":0,"rotation":0,"texture":"#0"}},"rotation":{"origin":[8.622988,7.9039183,9.386151],"angle":-22.5,"axis":"x"}},{"from":[16.049765,6.25607,3.6135087],"to":[20.549765,9.25607,7.6135087],"faces":{"east":{"uv":[6.875,3.875,6.375,4.25],"tintindex":0,"rotation":0,"texture":"#0"},"south":{"uv":[6.5,1.6875,5.9375,2.0625],"tintindex":0,"rotation":0,"texture":"#0"},"north":{"uv":[6.5,1.6875,5.9375,2.0625],"tintindex":0,"rotation":0,"texture":"#0"},"west":{"uv":[6.875,3.875,6.375,4.25],"tintindex":0,"rotation":0,"texture":"#0"},"up":{"uv":[4.6875,1.875,5.25,1.375],"tintindex":0,"rotation":0,"texture":"#0"},"down":{"uv":[4.6875,1.875,5.25,1.375],"tintindex":0,"rotation":0,"texture":"#0"}},"rotation":{"origin":[18.299765,7.75607,5.6135087],"angle":45.0,"axis":"y"}},{"from":[9.235957,2.581859,-3.0528603],"to":[13.735957,7.5818596,0.94713974],"faces":{"east":{"uv":[5.1875,0.6875,4.6875,1.3125],"tintindex":0,"rotation":0,"texture":"#0"},"south":{"uv":[5.1875,0.6875,4.6875,1.3125],"tintindex":0,"rotation":0,"texture":"#0"},"north":{"uv":[4.0625,2.75,3.5,3.375],"tintindex":0,"rotation":0,"texture":"#0"},"west":{"uv":[5.1875,0.6875,4.6875,1.3125],"tintindex":0,"rotation":0,"texture":"#0"},"up":{"uv":[5.375,6.375,5.9375,5.875],"tintindex":0,"rotation":0,"texture":"#0"},"down":{"uv":[5.375,6.375,5.9375,5.875],"tintindex":0,"rotation":0,"texture":"#0"}},"rotation":{"origin":[8.622988,7.9039183,9.386151],"angle":45.0,"axis":"z"}},{"from":[3.5100174,2.581859,17.825163],"to":[8.010017,7.5818596,21.825163],"faces":{"east":{"uv":[5.1875,0.6875,4.6875,1.3125],"tintindex":0,"rotation":0,"texture":"#0"},"south":{"uv":[4.0625,2.75,3.5,3.375],"tintindex":0,"rotation":0,"texture":"#0"},"north":{"uv":[5.1875,0.6875,4.6875,1.3125],"tintindex":0,"rotation":0,"texture":"#0"},"west":{"uv":[5.1875,0.6875,4.6875,1.3125],"tintindex":0,"rotation":0,"texture":"#0"},"up":{"uv":[5.9375,5.875,5.375,6.375],"tintindex":0,"rotation":0,"texture":"#0"},"down":{"uv":[5.9375,5.875,5.375,6.375],"tintindex":0,"rotation":0,"texture":"#0"}},"rotation":{"origin":[8.622988,7.9039183,9.386151],"angle":-45.0,"axis":"z"}},{"from":[-2.106349,6.6387534,0.45665455],"to":[2.393651,9.638754,4.4566545],"faces":{"east":{"uv":[6.375,3.875,6.875,4.25],"tintindex":0,"rotation":0,"texture":"#0"},"south":{"uv":[5.9375,1.6875,6.5,2.0625],"tintindex":0,"rotation":0,"texture":"#0"},"north":{"uv":[5.9375,1.6875,6.5,2.0625],"tintindex":0,"rotation":0,"texture":"#0"},"west":{"uv":[6.375,3.875,6.875,4.25],"tintindex":0,"rotation":0,"texture":"#0"},"up":{"uv":[5.25,1.875,4.6875,1.375],"tintindex":0,"rotation":0,"texture":"#0"},"down":{"uv":[5.25,1.875,4.6875,1.375],"tintindex":0,"rotation":0,"texture":"#0"}},"rotation":{"origin":[0.14365101,8.138754,2.4566545],"angle":-22.5,"axis":"z"}}],"display":{"gui":{"rotation":[30,225,0]}}}