{"textures":{"0":"modelengine:entity/mount_bull"},"elements":[{"from":[-3.4653664,9.1986065,0.4662571],"to":[-2.4653664,10.1986065,3.466257],"faces":{"east":{"uv":[10.5,2.0,10.875,2.125],"tintindex":0,"rotation":0,"texture":"#0"},"south":{"uv":[6.375,1.875,6.5,2.0],"tintindex":0,"rotation":0,"texture":"#0"},"north":{"uv":[6.25,1.875,6.375,2.0],"tintindex":0,"rotation":0,"texture":"#0"},"west":{"uv":[10.5,6.75,10.875,6.875],"tintindex":0,"rotation":0,"texture":"#0"},"up":{"uv":[7.25,2.875,7.125,2.5],"tintindex":0,"rotation":0,"texture":"#0"},"down":{"uv":[7.25,2.875,7.125,3.25],"tintindex":0,"rotation":0,"texture":"#0"}},"rotation":{"origin":[-3.0653667,9.1986065,1.8662567],"angle":22.5,"axis":"x"}},{"from":[18.465366,9.1986065,0.4662571],"to":[19.465366,10.1986065,3.466257],"faces":{"east":{"uv":[7.875,10.5,8.25,10.625],"tintindex":0,"rotation":0,"texture":"#0"},"south":{"uv":[7.25,9.125,7.375,9.25],"tintindex":0,"rotation":0,"texture":"#0"},"north":{"uv":[1.375,9.0,1.5,9.125],"tintindex":0,"rotation":0,"texture":"#0"},"west":{"uv":[10.5,7.875,10.875,8.0],"tintindex":0,"rotation":0,"texture":"#0"},"up":{"uv":[1.5,9.0,1.375,8.625],"tintindex":0,"rotation":0,"texture":"#0"},"down":{"uv":[3.5,10.125,3.375,10.5],"tintindex":0,"rotation":0,"texture":"#0"}},"rotation":{"origin":[19.065367,9.1986065,1.8662567],"angle":22.5,"axis":"x"}},{"from":[6.0,7.1376667,-0.8354683],"to":[10.0,9.137667,2.1645336],"faces":{"east":{"uv":[2.5,10.375,2.875,10.625],"tintindex":0,"rotation":0,"texture":"#0"},"south":{"uv":[10.0,8.125,10.5,8.375],"tintindex":0,"rotation":0,"texture":"#0"},"north":{"uv":[10.0,7.875,10.5,8.125],"tintindex":0,"rotation":0,"texture":"#0"},"west":{"uv":[10.375,2.625,10.75,2.875],"tintindex":0,"rotation":0,"texture":"#0"},"up":{"uv":[10.125,10.0,9.625,9.625],"tintindex":0,"rotation":0,"texture":"#0"},"down":{"uv":[3.5,9.75,3.0,10.125],"tintindex":0,"rotation":0,"texture":"#0"}},"rotation":{"origin":[8.0,9.537666,0.46453285],"angle":-45.0,"axis":"x"}},{"from":[-0.06984806,15.800409,3.78047],"to":[3.9301515,17.800407,5.78047],"faces":{"east":{"uv":[6.375,10.375,6.625,10.625],"tintindex":0,"rotation":0,"texture":"#0"},"south":{"uv":[10.125,3.5,10.625,3.75],"tintindex":0,"rotation":0,"texture":"#0"},"north":{"uv":[10.125,1.25,10.625,1.5],"tintindex":0,"rotation":0,"texture":"#0"},"west":{"uv":[6.625,10.375,6.875,10.625],"tintindex":0,"rotation":0,"texture":"#0"},"up":{"uv":[10.625,6.25,10.125,6.0],"tintindex":0,"rotation":0,"texture":"#0"},"down":{"uv":[10.625,6.25,10.125,6.5],"tintindex":0,"rotation":0,"texture":"#0"}}},{"from":[16.016563,15.53253,3.78047],"to":[20.016563,17.532532,5.78047],"faces":{"east":{"uv":[5.25,10.5,5.5,10.75],"tintindex":0,"rotation":0,"texture":"#0"},"south":{"uv":[10.25,8.375,10.75,8.625],"tintindex":0,"rotation":0,"texture":"#0"},"north":{"uv":[8.375,10.25,8.875,10.5],"tintindex":0,"rotation":0,"texture":"#0"},"west":{"uv":[10.5,5.75,10.75,6.0],"tintindex":0,"rotation":0,"texture":"#0"},"up":{"uv":[10.75,8.875,10.25,8.625],"tintindex":0,"rotation":0,"texture":"#0"},"down":{"uv":[9.375,10.25,8.875,10.5],"tintindex":0,"rotation":0,"texture":"#0"}},"rotation":{"origin":[16.716564,17.532532,4.78047],"angle":-22.5,"axis":"z"}},{"from":[-3.7653666,14.269674,3.78047],"to":[-1.7653666,16.269674,8.78047],"faces":{"east":{"uv":[9.75,7.375,10.375,7.625],"tintindex":0,"rotation":0,"texture":"#0"},"south":{"uv":[10.375,9.625,10.625,9.875],"tintindex":0,"rotation":0,"texture":"#0"},"north":{"uv":[10.375,7.375,10.625,7.625],"tintindex":0,"rotation":0,"texture":"#0"},"west":{"uv":[9.875,1.875,10.5,2.125],"tintindex":0,"rotation":0,"texture":"#0"},"up":{"uv":[10.125,5.75,9.875,5.125],"tintindex":0,"rotation":0,"texture":"#0"},"down":{"uv":[5.5,9.875,5.25,10.5],"tintindex":0,"rotation":0,"texture":"#0"}},"rotation":{"origin":[-2.7653666,15.269674,4.78047],"angle":45.0,"axis":"x"}},{"from":[-4.0653667,10.027035,2.28047],"to":[-2.0653667,12.027035,7.28047],"faces":{"east":{"uv":[5.5,9.875,6.125,10.125],"tintindex":0,"rotation":0,"texture":"#0"},"south":{"uv":[10.375,10.125,10.625,10.375],"tintindex":0,"rotation":0,"texture":"#0"},"north":{"uv":[10.375,9.875,10.625,10.125],"tintindex":0,"rotation":0,"texture":"#0"},"west":{"uv":[9.875,5.75,10.5,6.0],"tintindex":0,"rotation":0,"texture":"#0"},"up":{"uv":[10.125,6.625,9.875,6.0],"tintindex":0,"rotation":0,"texture":"#0"},"down":{"uv":[6.375,9.875,6.125,10.5],"tintindex":0,"rotation":0,"texture":"#0"}},"rotation":{"origin":[-3.0653667,11.027035,5.28047],"angle":-45.0,"axis":"x"}},{"from":[6.0,3.5376663,-0.035467148],"to":[10.0,5.5376663,1.9645329],"faces":{"east":{"uv":[7.25,8.875,7.5,9.125],"tintindex":0,"rotation":0,"texture":"#0"},"south":{"uv":[10.0,6.625,10.5,6.875],"tintindex":0,"rotation":0,"texture":"#0"},"north":{"uv":[5.25,3.25,5.75,3.5],"tintindex":0,"rotation":0,"texture":"#0"},"west":{"uv":[10.375,4.0,10.625,4.25],"tintindex":0,"rotation":0,"texture":"#0"},"up":{"uv":[10.5,7.875,10.0,7.625],"tintindex":0,"rotation":0,"texture":"#0"},"down":{"uv":[8.375,10.0,7.875,10.25],"tintindex":0,"rotation":0,"texture":"#0"}}},{"from":[5.0,6.5376663,-1.1354675],"to":[8.0,8.537666,1.8645325],"faces":{"east":{"uv":[0.5,10.375,0.875,10.625],"tintindex":0,"rotation":0,"texture":"#0"},"south":{"uv":[10.375,0.5,10.75,0.75],"tintindex":0,"rotation":0,"texture":"#0"},"north":{"uv":[10.375,0.25,10.75,0.5],"tintindex":0,"rotation":0,"texture":"#0"},"west":{"uv":[10.375,0.75,10.75,1.0],"tintindex":0,"rotation":0,"texture":"#0"},"up":{"uv":[10.375,2.5,10.0,2.125],"tintindex":0,"rotation":0,"texture":"#0"},"down":{"uv":[2.875,10.0,2.5,10.375],"tintindex":0,"rotation":0,"texture":"#0"}},"rotation":{"origin":[6.5,7.5376663,0.46453285],"angle":-22.5,"axis":"z"}},{"from":[8.0,6.5376663,-1.1354675],"to":[11.0,8.537666,1.8645325],"faces":{"east":{"uv":[10.375,1.5,10.75,1.75],"tintindex":0,"rotation":0,"texture":"#0"},"south":{"uv":[10.375,2.125,10.75,2.375],"tintindex":0,"rotation":0,"texture":"#0"},"north":{"uv":[10.375,1.0,10.75,1.25],"tintindex":0,"rotation":0,"texture":"#0"},"west":{"uv":[10.375,2.375,10.75,2.625],"tintindex":0,"rotation":0,"texture":"#0"},"up":{"uv":[4.625,10.375,4.25,10.0],"tintindex":0,"rotation":0,"texture":"#0"},"down":{"uv":[5.0,10.0,4.625,10.375],"tintindex":0,"rotation":0,"texture":"#0"}},"rotation":{"origin":[9.5,7.5376663,0.46453285],"angle":22.5,"axis":"z"}},{"from":[3.0,10.537666,0.96453285],"to":[5.0,12.537666,4.964533],"faces":{"east":{"uv":[8.375,10.0,8.875,10.25],"tintindex":0,"rotation":0,"texture":"#0"},"south":{"uv":[10.375,4.25,10.625,4.5],"tintindex":0,"rotation":0,"texture":"#0"},"north":{"uv":[4.25,10.375,4.5,10.625],"tintindex":0,"rotation":0,"texture":"#0"},"west":{"uv":[8.875,10.0,9.375,10.25],"tintindex":0,"rotation":0,"texture":"#0"},"up":{"uv":[8.25,1.25,8.0,0.75],"tintindex":0,"rotation":0,"texture":"#0"},"down":{"uv":[9.625,10.0,9.375,10.5],"tintindex":0,"rotation":0,"texture":"#0"}},"rotation":{"origin":[4.0,11.537666,2.9645329],"angle":-22.5,"axis":"x"}},{"from":[18.065367,10.027035,2.28047],"to":[20.065367,12.027035,7.28047],"faces":{"east":{"uv":[1.0,10.0,1.625,10.25],"tintindex":0,"rotation":0,"texture":"#0"},"south":{"uv":[10.5,7.625,10.75,7.875],"tintindex":0,"rotation":0,"texture":"#0"},"north":{"uv":[7.625,10.5,7.875,10.75],"tintindex":0,"rotation":0,"texture":"#0"},"west":{"uv":[1.625,10.0,2.25,10.25],"tintindex":0,"rotation":0,"texture":"#0"},"up":{"uv":[0.5,10.625,0.25,10.0],"tintindex":0,"rotation":0,"texture":"#0"},"down":{"uv":[2.5,10.0,2.25,10.625],"tintindex":0,"rotation":0,"texture":"#0"}},"rotation":{"origin":[19.065367,11.027035,5.28047],"angle":-45.0,"axis":"x"}},{"from":[5.0,4.5376663,-1.4354668],"to":[11.0,7.5376663,-1.4354668],"faces":{"south":{"uv":[10.125,9.25,9.375,9.625],"tintindex":0,"rotation":0,"texture":"#0"},"north":{"uv":[9.375,9.25,10.125,9.625],"tintindex":0,"rotation":0,"texture":"#0"}},"rotation":{"origin":[8.0,6.5376663,-1.0354652],"angle":22.5,"axis":"x"}},{"from":[4.0,3.5376663,1.9645329],"to":[12.0,11.537666,7.964533],