{"textures":{"0":"modelengine:entity/fx_underworld_beast"},"elements":[{"from":[12.372221,20.159304,1.4234347],"to":[15.372221,26.159306,4.4234347],"faces":{"east":{"uv":[2.625,9.625,2.25,10.375],"tintindex":0,"rotation":0,"texture":"#0"},"south":{"uv":[4.25,9.375,3.875,10.125],"tintindex":0,"rotation":0,"texture":"#0"},"north":{"uv":[5.875,8.875,5.5,9.625],"tintindex":0,"rotation":0,"texture":"#0"},"west":{"uv":[2.25,9.625,2.625,10.375],"tintindex":0,"rotation":0,"texture":"#0"},"up":{"uv":[5.25,7.125,5.625,6.75],"tintindex":0,"rotation":0,"texture":"#0"},"down":{"uv":[7.75,5.25,8.125,5.625],"tintindex":0,"rotation":0,"texture":"#0"}},"rotation":{"origin":[12.872221,23.159306,2.9234347],"angle":-45.0,"axis":"z"}},{"from":[12.372221,12.159304,3.4234347],"to":[15.372221,18.159304,6.4234343],"faces":{"east":{"uv":[2.625,9.625,2.25,10.375],"tintindex":0,"rotation":0,"texture":"#0"},"south":{"uv":[4.25,9.375,3.875,10.125],"tintindex":0,"rotation":0,"texture":"#0"},"north":{"uv":[5.875,8.875,5.5,9.625],"tintindex":0,"rotation":0,"texture":"#0"},"west":{"uv":[2.25,9.625,2.625,10.375],"tintindex":0,"rotation":0,"texture":"#0"},"up":{"uv":[5.25,7.125,5.625,6.75],"tintindex":0,"rotation":0,"texture":"#0"},"down":{"uv":[7.75,5.25,8.125,5.625],"tintindex":0,"rotation":0,"texture":"#0"}},"rotation":{"origin":[12.872221,15.159304,4.9234343],"angle":-45.0,"axis":"z"}},{"from":[7.0,19.288712,-5.0501804],"to":[9.0,28.288712,-3.0501804],"faces":{"east":{"uv":[11.75,6.375,12.0,7.5],"tintindex":0,"rotation":0,"texture":"#0"},"south":{"uv":[11.75,7.625,12.0,8.75],"tintindex":0,"rotation":0,"texture":"#0"},"north":{"uv":[3.875,5.25,4.125,6.375],"tintindex":0,"rotation":0,"texture":"#0"},"west":{"uv":[9.0,11.75,9.25,12.875],"tintindex":0,"rotation":0,"texture":"#0"},"up":{"uv":[2.0,6.25,1.75,6.0],"tintindex":0,"rotation":0,"texture":"#0"},"down":{"uv":[2.0,6.375,1.75,6.625],"tintindex":0,"rotation":0,"texture":"#0"}},"rotation":{"origin":[8.0,20.038712,-3.3001804],"angle":45.0,"axis":"x"}},{"from":[14.0,23.733345,-0.5765648],"to":[16.0,31.733345,1.4234347],"faces":{"east":{"uv":[3.0,12.125,2.75,13.125],"tintindex":0,"rotation":0,"texture":"#0"},"south":{"uv":[2.625,12.125,2.375,13.125],"tintindex":0,"rotation":0,"texture":"#0"},"north":{"uv":[9.625,11.75,9.375,12.75],"tintindex":0,"rotation":0,"texture":"#0"},"west":{"uv":[2.75,12.125,3.0,13.125],"tintindex":0,"rotation":0,"texture":"#0"},"up":{"uv":[5.75,7.0,6.0,6.75],"tintindex":0,"rotation":0,"texture":"#0"},"down":{"uv":[1.375,7.625,1.625,7.875],"tintindex":0,"rotation":0,"texture":"#0"}},"rotation":{"origin":[11.5,17.233343,2.1734347],"angle":22.5,"axis":"x"}},{"from":[14.0,15.603775,7.074821],"to":[16.0,23.603775,9.074821],"faces":{"east":{"uv":[3.0,12.125,2.75,13.125],"tintindex":0,"rotation":0,"texture":"#0"},"south":{"uv":[2.625,12.125,2.375,13.125],"tintindex":0,"rotation":0,"texture":"#0"},"north":{"uv":[9.625,11.75,9.375,12.75],"tintindex":0,"rotation":0,"texture":"#0"},"west":{"uv":[2.75,12.125,3.0,13.125],"tintindex":0,"rotation":0,"texture":"#0"},"up":{"uv":[5.75,7.0,6.0,6.75],"tintindex":0,"rotation":0,"texture":"#0"},"down":{"uv":[1.375,7.625,1.625,7.875],"tintindex":0,"rotation":0,"texture":"#0"}},"rotation":{"origin":[15.0,19.603775,6.574821],"angle":45.0,"axis":"x"}},{"from":[3.0,14.520357,-1.5194759],"to":[6.0,22.520355,2.4805245],"faces":{"east":{"uv":[11.625,8.25,11.125,9.25],"tintindex":0,"rotation":0,"texture":"#0"},"south":{"uv":[0.0,11.375,0.375,12.375],"tintindex":0,"rotation":0,"texture":"#0"},"north":{"uv":[11.0,11.25,11.375,12.25],"tintindex":0,"rotation":0,"texture":"#0"},"west":{"uv":[11.125,8.25,11.625,9.25],"tintindex":0,"rotation":0,"texture":"#0"},"up":{"uv":[4.75,8.75,4.375,8.25],"tintindex":0,"rotation":0,"texture":"#0"},"down":{"uv":[5.25,10.25,4.875,10.75],"tintindex":0,"rotation":0,"texture":"#0"}},"rotation":{"origin":[4.5,18.520357,-0.51947594],"angle":45.0,"axis":"x"}},{"from":[6.5,12.287151,-5.5423336],"to":[9.5,20.287151,-2.5423336],"faces":{"east":{"uv":[3.75,11.375,4.125,12.375],"tintindex":0,"rotation":0,"texture":"#0"},"south":{"uv":[4.25,11.375,4.625,12.375],"tintindex":0,"rotation":0,"texture":"#0"},"north":{"uv":[1.5,11.375,1.875,12.375],"tintindex":0,"rotation":0,"texture":"#0"},"west":{"uv":[11.5,11.25,11.875,12.25],"tintindex":0,"rotation":0,"texture":"#0"},"up":{"uv":[12.75,9.625,12.375,9.25],"tintindex":0,"rotation":0,"texture":"#0"},"down":{"uv":[12.75,9.75,12.375,10.125],"tintindex":0,"rotation":0,"texture":"#0"}},"rotation":{"origin":[8.0,20.038712,-3.3001804],"angle":22.5,"axis":"x"}},{"from":[10.0,14.520357,-1.5194759],"to":[13.0,22.520355,2.4805245],"faces":{"east":{"uv":[11.625,8.25,11.125,9.25],"tintindex":0,"rotation":0,"texture":"#0"},"south":{"uv":[0.375,11.375,0.0,12.375],"tintindex":0,"rotation":0,"texture":"#0"},"north":{"uv":[11.375,11.25,11.0,12.25],"tintindex":0,"rotation":0,"texture":"#0"},"west":{"uv":[11.125,8.25,11.625,9.25],"tintindex":0,"rotation":0,"texture":"#0"},"up":{"uv":[4.375,8.75,4.75,8.25],"tintindex":0,"rotation":0,"texture":"#0"},"down":{"uv":[4.875,10.25,5.25,10.75],"tintindex":0,"rotation":0,"texture":"#0"}},"rotation":{"origin":[11.5,18.520357,-0.51947594],"angle":45.0,"axis":"x"}},{"from":[3.9250002,4.408107,-1.7377167],"to":[12.075,13.408108,8.262283],"faces":{"east":{"uv":[0.0,7.625,1.25,8.75],"tintindex":0,"rotation":0,"texture":"#0"},"south":{"uv":[9.0,2.5,10.0,3.625],"tintindex":0,"rotation":0,"texture":"#0"},"north":{"uv":[9.0,1.25,10.0,2.375],"tintindex":0,"rotation":0,"texture":"#0"},"west":{"uv":[7.75,0.0,9.0,1.125],"tintindex":0,"rotation":0,"texture":"#0"},"up":{"uv":[1.0,10.125,0.0,8.875],"tintindex":0,"rotation":0,"texture":"#0"},"down":{"uv":[5.375,8.875,4.375,10.125],"tintindex":0,"rotation":0,"texture":"#0"}},"rotation":{"origin":[7.925,7.362612,5.9468656],"angle":22.5,"axis":"x"}},{"from":[0.627779,20.159304,1.4234347],"to":[3.627779,26.159306,4.4234347],"faces":{"east":{"uv":[2.625,9.625,2.25,10.375],"tintindex":0,"rotation":0,"texture":"#0"},"south":{"uv":[3.875,9.375,4.25,10.125],"tintindex":0,"rotation":0,"texture":"#0"},"north":{"uv":[5.5,8.875,5.875,9.625],"tintindex":0,"rotation":0,"texture":"#0"},"west":{"uv":[2.25,9.625,2.625,10.375],"tintindex":0,"rotation":0,"texture":"#0"},"up":{"uv":[5.625,7.125,5.25,6.75],"tintindex":0,"rotation":0,"texture":"#0"},"down":{"uv":[8.125,5.25,7.75,5.625],"tintindex":0,"rotation":0,"texture":"#0"}},"rotation":{"origin":[3.127779,23.159306,2.9234347],"angle":45.0,"axis":"z"}},{"from":[0.627779,12.159304,3.4234347],"to":[3.627779,18.159304,6.4234343],"faces":{"east":{"uv":[2.625,9.625,2.25,10.375],"tintindex":0,"rotation":0,"texture":"#0"},"south":{"uv":[3.875,9.375,4.25,10.125],"tintindex":0,"rotation":0,"texture":"#0"},"north":{"uv":[5.5,8.875,5.875,9.625],"tintindex":0,"rotation":0,"texture":"#0"},"west":{"uv":[2.25,9.625,2.625,10.375],"tintindex":0,"rotation":0,"texture":"#0"},"up":{"uv":[5.625,7.125,5.25,6.75],"tintindex":0,"rotation":0,"texture":"#0"},"down":{"uv":[8.125,5.25,7.75,5.625],"tintindex":0,"rotation":0,"texture":"#0"}},"rotation":{"origin":[3.127779,15.159304,4.9234343],"angle":45.0,"axis":"z"}},{"from":[6.0,8.446529,-10.86389],"to":[10.0,16.44653,-3.8638897],"faces":{"east":{"uv":[10.25,3.75,11.125,4.75],"tintindex":0,"rotation":0,"texture":"#0"},"south":{"uv":[8.375,11.25,8.875,12.25],"tintindex":0,"rotation":0,"texture":"#0"},"north":{"uv":[7.75,11.25,8.25,12.25],"tintindex":0,"rotation":0,"texture":"#0"},"west":{"uv":[3.875,10.25,4.75,11.25],"tintindex":0,"rotation":0,"texture":"#0"},"up":{"uv":[10.25,12.125,9.75,11.25],"tintindex":0,"rotation":0,"texture":"#0"},"down":{"uv":[10.875,11.25,10.375,12.125],"tintindex":0,"rotation":0,"texture":"#0"}},"rotation":{"origin":[8.0,17.976297,-5.1413],"angle":-22.5,"axis":"x"}},{"from":[4.0125,6.52153,-6.8638897],"to":[11.9875,12.52153,0.13610983],"faces":{"east":{"uv":[0.875,10.25,0.0,11.0],"tintindex":0,"rotation":0,"texture":"#0"},"south":{"uv":[6.625,9.75,7.625,10.75],"tintindex":0,"rotation":0,