{"textures":{"0":"modelengine:entity/ghoul_texture"},"elements":[{"from":[12.475,3.3685904,0.7172289],"to":[12.475,5.3685904,6.717229],"faces":{"east":{"uv":[3.0,9.375,2.25,9.625],"tintindex":0,"rotation":0,"texture":"#0"},"west":{"uv":[2.25,9.375,3.0,9.625],"tintindex":0,"rotation":0,"texture":"#0"}},"rotation":{"origin":[8.0,3.6352425,3.18847],"angle":-45.0,"axis":"x"}},{"from":[3.5,3.3685904,0.7422285],"to":[12.5,5.3685904,0.7422285],"faces":{"south":{"uv":[9.75,4.25,8.625,4.5],"tintindex":0,"rotation":0,"texture":"#0"},"north":{"uv":[8.625,4.25,9.75,4.5],"tintindex":0,"rotation":0,"texture":"#0"}},"rotation":{"origin":[8.0,3.6352425,3.18847],"angle":-45.0,"axis":"x"}},{"from":[3.525,3.3685904,0.7172289],"to":[3.525,5.3685904,6.717229],"faces":{"east":{"uv":[3.0,9.375,2.25,9.625],"tintindex":0,"rotation":0,"texture":"#0"},"west":{"uv":[2.25,9.375,3.0,9.625],"tintindex":0,"rotation":0,"texture":"#0"}},"rotation":{"origin":[8.0,3.6352425,3.18847],"angle":-45.0,"axis":"x"}},{"from":[3.5,0.36859035,0.7172289],"to":[12.5,3.3685904,9.717229],"faces":{"east":{"uv":[8.375,2.875,9.5,3.25],"tintindex":0,"rotation":0,"texture":"#0"},"south":{"uv":[8.5,0.0,9.625,0.375],"tintindex":0,"rotation":0,"texture":"#0"},"north":{"uv":[8.375,2.375,9.5,2.75],"tintindex":0,"rotation":0,"texture":"#0"},"west":{"uv":[8.5,0.5,9.625,0.875],"tintindex":0,"rotation":0,"texture":"#0"},"up":{"uv":[2.375,6.75,1.25,5.625],"tintindex":0,"rotation":0,"texture":"#0"},"down":{"uv":[4.75,5.625,3.625,6.75],"tintindex":0,"rotation":0,"texture":"#0"}},"rotation":{"origin":[8.0,3.6352425,3.18847],"angle":-45.0,"axis":"x"}}],"display":{"gui":{"rotation":[30,225,0]}}}