{"textures":{"0":"modelengine:entity/forest_element_pet"},"elements":[{"from":[7.9168334,3.2860737,10.177517],"to":[7.9168334,8.286074,11.677517],"faces":{"east":{"uv":[13.0,0.0,13.6,2.0],"tintindex":0,"rotation":0,"texture":"#0"},"west":{"uv":[13.0,2.0,13.6,4.0],"tintindex":0,"rotation":0,"texture":"#0"}}},{"from":[7.9168334,-8.213926,6.1775174],"to":[7.9168334,3.2860737,11.677517],"faces":{"east":{"uv":[5.6,0.0,7.8,4.6],"tintindex":0,"rotation":0,"texture":"#0"},"west":{"uv":[5.6,4.6,7.8,9.2],"tintindex":0,"rotation":0,"texture":"#0"}}},{"from":[7.916333,3.2860737,6.1775174],"to":[8.416333,8.286074,10.177517],"faces":{"east":{"uv":[10.0,0.0,11.6,2.0],"tintindex":0,"rotation":0,"texture":"#0"},"south":{"uv":[0.2,13.8,0.4,15.8],"tintindex":0,"rotation":0,"texture":"#0"},"north":{"uv":[0.0,13.8,0.2,15.8],"tintindex":0,"rotation":0,"texture":"#0"},"west":{"uv":[10.0,2.0,11.6,4.0],"tintindex":0,"rotation":0,"texture":"#0"},"up":{"uv":[1.6,15.400001,1.4,13.8],"tintindex":0,"rotation":0,"texture":"#0"},"down":{"uv":[1.8000001,13.8,1.6,15.400001],"tintindex":0,"rotation":0,"texture":"#0"}}}],"display":{"gui":{"rotation":[30,225,0]}}}