{"textures":{"0":"modelengine:entity/forest_element_pet"},"elements":[{"from":[3.6805687,-3.1000004,16.907755],"to":[3.6805687,2.9,23.907755],"faces":{"east":{"uv":[7.2000003,12.0,8.6,13.2],"tintindex":0,"rotation":0,"texture":"#0"},"west":{"uv":[8.6,12.0,10.0,13.2],"tintindex":0,"rotation":0,"texture":"#0"}},"rotation":{"origin":[46.301796,4.5625,26.442505],"angle":-22.5,"axis":"y"}},{"from":[6.468948,1.25,6.5044436],"to":[9.468948,8.25,9.504444],"faces":{"east":{"uv":[9.2,13.2,9.8,14.6],"tintindex":0,"rotation":0,"texture":"#0"},"south":{"uv":[12.8,13.2,13.400001,14.6],"tintindex":0,"rotation":0,"texture":"#0"},"north":{"uv":[8.6,13.2,9.2,14.6],"tintindex":0,"rotation":0,"texture":"#0"},"west":{"uv":[9.8,13.400001,10.400001,14.8],"tintindex":0,"rotation":0,"texture":"#0"},"up":{"uv":[14.2,3.8,13.6,3.2],"tintindex":0,"rotation":0,"texture":"#0"},"down":{"uv":[14.2,10.8,13.6,11.400001],"tintindex":0,"rotation":0,"texture":"#0"}}},{"from":[18.017036,-3.0,-12.348255],"to":[18.017036,3.0,-5.348255],"faces":{"east":{"uv":[4.4,12.0,5.8,13.2],"tintindex":0,"rotation":0,"texture":"#0"},"west":{"uv":[5.8,12.0,7.2000003,13.2],"tintindex":0,"rotation":0,"texture":"#0"}},"rotation":{"origin":[46.301796,4.5625,26.142504],"angle":22.5,"axis":"y"}},{"from":[8.0170355,-2.6999998,8.251745],"to":[8.0170355,3.3000002,15.251745],"faces":{"east":{"uv":[10.0,12.2,11.400001,13.400001],"tintindex":0,"rotation":0,"texture":"#0"},"west":{"uv":[12.2,10.8,13.6,12.0],"tintindex":0,"rotation":0,"texture":"#0"}}}],"display":{"gui":{"rotation":[30,225,0]}}}