{"textures":{"0":"modelengine:entity/mount_elephant"},"elements":[{"from":[3.0,-10.42388,0.6173167],"to":[13.0,9.57612,11.617317],"faces":{"east":{"uv":[11.125,2.8125,11.8125,4.0625],"tintindex":0,"rotation":0,"texture":"#0"},"south":{"uv":[11.25,11.125,11.875,12.375],"tintindex":0,"rotation":0,"texture":"#0"},"north":{"uv":[10.625,11.125,11.25,12.375],"tintindex":0,"rotation":0,"texture":"#0"},"west":{"uv":[6.625,11.125,7.3125,12.375],"tintindex":0,"rotation":0,"texture":"#0"},"up":{"uv":[13.1875,3.0625,12.5625,2.375],"tintindex":0,"rotation":0,"texture":"#0"},"down":{"uv":[5.5625,12.5625,4.9375,13.25],"tintindex":0,"rotation":0,"texture":"#0"}}}],"display":{"gui":{"rotation":[30,225,0]}}}