{"textures":{"0":"modelengine:entity/mount_elephant"},"elements":[{"from":[3.0,-10.42388,2.6173172],"to":[13.0,9.57612,13.617317],"faces":{"east":{"uv":[7.3125,11.125,8.0,12.375],"tintindex":0,"rotation":0,"texture":"#0"},"south":{"uv":[11.5625,9.875,12.1875,11.125],"tintindex":0,"rotation":0,"texture":"#0"},"north":{"uv":[3.75,11.375,4.375,12.625],"tintindex":0,"rotation":0,"texture":"#0"},"west":{"uv":[11.125,7.9375,11.8125,9.1875],"tintindex":0,"rotation":0,"texture":"#0"},"up":{"uv":[6.1875,13.25,5.5625,12.5625],"tintindex":0,"rotation":0,"texture":"#0"},"down":{"uv":[13.1875,7.9375,12.5625,8.625],"tintindex":0,"rotation":0,"texture":"#0"}}}],"display":{"gui":{"rotation":[30,225,0]}}}