{"textures":{"0":"modelengine:entity/fx_ground_rupture"},"elements":[{"from":[2.6681633,5.5342627,-5.3954573],"to":[7.6681633,10.034263,-1.3954573],"faces":{"east":{"uv":[5.9375,6.375,5.375,5.875],"tintindex":0,"rotation":90,"texture":"#0"},"south":{"uv":[4.6875,0.6875,5.1875,1.3125],"tintindex":0,"rotation":90,"texture":"#0"},"north":{"uv":[3.5,2.75,4.0625,3.375],"tintindex":0,"rotation":270,"texture":"#0"},"west":{"uv":[5.9375,6.375,5.375,5.875],"tintindex":0,"rotation":90,"texture":"#0"},"up":{"uv":[4.6875,0.6875,5.1875,1.3125],"tintindex":0,"rotation":90,"texture":"#0"},"down":{"uv":[4.6875,0.6875,5.1875,1.3125],"tintindex":0,"rotation":90,"texture":"#0"}},"rotation":{"origin":[5.1681633,7.7842627,-3.3954573],"angle":-45.0,"axis":"y"}},{"from":[-6.3591175,6.5039325,8.725206],"to":[-1.8591175,9.503933,12.725206],"faces":{"east":{"uv":[6.875,3.875,6.375,4.25],"tintindex":0,"rotation":0,"texture":"#0"},"south":{"uv":[6.5,1.6875,5.9375,2.0625],"tintindex":0,"rotation":0,"texture":"#0"},"north":{"uv":[6.5,1.6875,5.9375,2.0625],"tintindex":0,"rotation":0,"texture":"#0"},"west":{"uv":[6.875,3.875,6.375,4.25],"tintindex":0,"rotation":0,"texture":"#0"},"up":{"uv":[5.25,1.375,4.6875,1.875],"tintindex":0,"rotation":0,"texture":"#0"},"down":{"uv":[5.25,1.375,4.6875,1.875],"tintindex":0,"rotation":0,"texture":"#0"}},"rotation":{"origin":[-4.1091175,8.003933,10.725206],"angle":45.0,"axis":"y"}},{"from":[7.8553486,6.5039325,-0.19139957],"to":[10.855349,9.503933,2.8086004],"faces":{"east":{"uv":[2.375,6.75,2.0,7.125],"tintindex":0,"rotation":0,"texture":"#0"},"south":{"uv":[5.0625,3.625,4.6875,4.0],"tintindex":0,"rotation":0,"texture":"#0"},"north":{"uv":[5.0625,3.625,4.6875,4.0],"tintindex":0,"rotation":0,"texture":"#0"},"west":{"uv":[2.375,6.75,2.0,7.125],"tintindex":0,"rotation":0,"texture":"#0"},"up":{"uv":[2.4375,7.1875,2.8125,6.8125],"tintindex":0,"rotation":0,"texture":"#0"},"down":{"uv":[2.4375,7.1875,2.8125,6.8125],"tintindex":0,"rotation":0,"texture":"#0"}},"rotation":{"origin":[11.355349,8.003933,1.0586004],"angle":45.0,"axis":"x"}},{"from":[7.8553486,6.5039325,11.096526],"to":[10.855349,9.503933,14.096526],"faces":{"east":{"uv":[2.0,6.75,2.375,7.125],"tintindex":0,"rotation":0,"texture":"#0"},"south":{"uv":[4.6875,3.625,5.0625,4.0],"tintindex":0,"rotation":0,"texture":"#0"},"north":{"uv":[4.6875,3.625,5.0625,4.0],"tintindex":0,"rotation":0,"texture":"#0"},"west":{"uv":[2.0,6.75,2.375,7.125],"tintindex":0,"rotation":0,"texture":"#0"},"up":{"uv":[2.4375,6.8125,2.8125,7.1875],"tintindex":0,"rotation":0,"texture":"#0"},"down":{"uv":[2.4375,6.8125,2.8125,7.1875],"tintindex":0,"rotation":0,"texture":"#0"}},"rotation":{"origin":[11.355349,8.003933,12.846526],"angle":-45.0,"axis":"x"}},{"from":[12.994436,6.5039325,8.725206],"to":[17.494436,9.503933,12.725206],"faces":{"east":{"uv":[6.375,3.875,6.875,4.25],"tintindex":0,"rotation":0,"texture":"#0"},"south":{"uv":[5.9375,1.6875,6.5,2.0625],"tintindex":0,"rotation":0,"texture":"#0"},"north":{"uv":[5.9375,1.6875,6.5,2.0625],"tintindex":0,"rotation":0,"texture":"#0"},"west":{"uv":[6.375,3.875,6.875,4.25],"tintindex":0,"rotation":0,"texture":"#0"},"up":{"uv":[4.6875,1.375,5.25,1.875],"tintindex":0,"rotation":0,"texture":"#0"},"down":{"uv":[4.6875,1.375,5.25,1.875],"tintindex":0,"rotation":0,"texture":"#0"}},"rotation":{"origin":[15.244436,8.003933,10.725206],"angle":-45.0,"axis":"y"}},{"from":[13.567659,7.303893,4.9918795],"to":[18.06766,10.303893,8.991879],"faces":{"east":{"uv":[6.875,3.875,6.375,4.25],"tintindex":0,"rotation":0,"texture":"#0"},"south":{"uv":[6.5,1.6875,5.9375,2.0625],"tintindex":0,"rotation":0,"texture":"#0"},"north":{"uv":[6.5,1.6875,5.9375,2.0625],"tintindex":0,"rotation":0,"texture":"#0"},"west":{"uv":[6.875,3.875,6.375,4.25],"tintindex":0,"rotation":0,"texture":"#0"},"up":{"uv":[4.6875,1.875,5.25,1.375],"tintindex":0,"rotation":0,"texture":"#0"},"down":{"uv":[4.6875,1.875,5.25,1.375],"tintindex":0,"rotation":0,"texture":"#0"}},"rotation":{"origin":[5.567659,8.151781,6.9525633],"angle":-22.5,"axis":"x"}},{"from":[2.6681633,5.5342627,15.300584],"to":[7.6681633,10.034263,19.300583],"faces":{"east":{"uv":[5.9375,5.875,5.375,6.375],"tintindex":0,"rotation":90,"texture":"#0"},"south":{"uv":[3.5,3.375,4.0625,2.75],"tintindex":0,"rotation":270,"texture":"#0"},"north":{"uv":[4.6875,1.3125,5.1875,0.6875],"tintindex":0,"rotation":90,"texture":"#0"},"west":{"uv":[5.9375,5.875,5.375,6.375],"tintindex":0,"rotation":90,"texture":"#0"},"up":{"uv":[5.1875,0.6875,4.6875,1.3125],"tintindex":0,"rotation":90,"texture":"#0"},"down":{"uv":[5.1875,0.6875,4.6875,1.3125],"tintindex":0,"rotation":90,"texture":"#0"}},"rotation":{"origin":[5.1681633,7.7842627,17.300583],"angle":45.0,"axis":"y"}}],"display":{"gui":{"rotation":[30,225,0]}}}