{"textures":{"0":"modelengine:entity/fx_ground_rupture"},"elements":[{"from":[14.085969,5.8746495,6.528485],"to":[17.085968,8.874649,9.528484],"faces":{"east":{"uv":[2.375,6.75,2.0,7.125],"tintindex":0,"rotation":0,"texture":"#0"},"south":{"uv":[5.0625,3.625,4.6875,4.0],"tintindex":0,"rotation":0,"texture":"#0"},"north":{"uv":[5.0625,3.625,4.6875,4.0],"tintindex":0,"rotation":0,"texture":"#0"},"west":{"uv":[2.375,6.75,2.0,7.125],"tintindex":0,"rotation":0,"texture":"#0"},"up":{"uv":[2.4375,7.1875,2.8125,6.8125],"tintindex":0,"rotation":0,"texture":"#0"},"down":{"uv":[2.4375,7.1875,2.8125,6.8125],"tintindex":0,"rotation":0,"texture":"#0"}},"rotation":{"origin":[15.585969,7.3746495,8.028484],"angle":22.5,"axis":"y"}},{"from":[15.912395,6.9341097,-1.2630825],"to":[20.412395,9.93411,2.7369175],"faces":{"east":{"uv":[6.875,3.875,6.375,4.25],"tintindex":0,"rotation":0,"texture":"#0"},"south":{"uv":[6.5,1.6875,5.9375,2.0625],"tintindex":0,"rotation":0,"texture":"#0"},"north":{"uv":[6.5,1.6875,5.9375,2.0625],"tintindex":0,"rotation":0,"texture":"#0"},"west":{"uv":[6.875,3.875,6.375,4.25],"tintindex":0,"rotation":0,"texture":"#0"},"up":{"uv":[4.6875,1.875,5.25,1.375],"tintindex":0,"rotation":0,"texture":"#0"},"down":{"uv":[4.6875,1.875,5.25,1.375],"tintindex":0,"rotation":0,"texture":"#0"}},"rotation":{"origin":[18.162395,8.43411,0.7369175],"angle":22.5,"axis":"z"}},{"from":[-1.046278,6.9341097,12.595911],"to":[3.453722,9.93411,16.595911],"faces":{"east":{"uv":[6.875,3.875,6.375,4.25],"tintindex":0,"rotation":0,"texture":"#0"},"south":{"uv":[6.5,1.6875,5.9375,2.0625],"tintindex":0,"rotation":0,"texture":"#0"},"north":{"uv":[6.5,1.6875,5.9375,2.0625],"tintindex":0,"rotation":0,"texture":"#0"},"west":{"uv":[6.875,3.875,6.375,4.25],"tintindex":0,"rotation":0,"texture":"#0"},"up":{"uv":[5.25,1.375,4.6875,1.875],"tintindex":0,"rotation":0,"texture":"#0"},"down":{"uv":[5.25,1.375,4.6875,1.875],"tintindex":0,"rotation":0,"texture":"#0"}},"rotation":{"origin":[1.2037215,8.43411,14.595911],"angle":-22.5,"axis":"z"}},{"from":[10.296028,2.8772154,16.105427],"to":[14.796028,7.8772154,20.105427],"faces":{"east":{"uv":[4.6875,0.6875,5.1875,1.3125],"tintindex":0,"rotation":0,"texture":"#0"},"south":{"uv":[3.5,2.75,4.0625,3.375],"tintindex":0,"rotation":0,"texture":"#0"},"north":{"uv":[4.6875,0.6875,5.1875,1.3125],"tintindex":0,"rotation":0,"texture":"#0"},"west":{"uv":[4.6875,0.6875,5.1875,1.3125],"tintindex":0,"rotation":0,"texture":"#0"},"up":{"uv":[5.375,5.875,5.9375,6.375],"tintindex":0,"rotation":0,"texture":"#0"},"down":{"uv":[5.375,5.875,5.9375,6.375],"tintindex":0,"rotation":0,"texture":"#0"}},"rotation":{"origin":[9.683058,8.199274,7.6664143],"angle":45.0,"axis":"z"}},{"from":[4.395369,6.551426,11.810377],"to":[7.3953686,9.551426,14.810377],"faces":{"east":{"uv":[2.375,6.75,2.0,7.125],"tintindex":0,"rotation":0,"texture":"#0"},"south":{"uv":[5.0625,3.625,4.6875,4.0],"tintindex":0,"rotation":0,"texture":"#0"},"north":{"uv":[5.0625,3.625,4.6875,4.0],"tintindex":0,"rotation":0,"texture":"#0"},"west":{"uv":[2.375,6.75,2.0,7.125],"tintindex":0,"rotation":0,"texture":"#0"},"up":{"uv":[2.8125,6.8125,2.4375,7.1875],"tintindex":0,"rotation":0,"texture":"#0"},"down":{"uv":[2.8125,6.8125,2.4375,7.1875],"tintindex":0,"rotation":0,"texture":"#0"}},"rotation":{"origin":[3.895369,8.051426,13.560377],"angle":-45.0,"axis":"x"}},{"from":[4.5700884,2.8772154,-4.7725973],"to":[9.070088,7.8772154,-0.7725973],"faces":{"east":{"uv":[4.6875,0.6875,5.1875,1.3125],"tintindex":0,"rotation":0,"texture":"#0"},"south":{"uv":[4.6875,0.6875,5.1875,1.3125],"tintindex":0,"rotation":0,"texture":"#0"},"north":{"uv":[3.5,2.75,4.0625,3.375],"tintindex":0,"rotation":0,"texture":"#0"},"west":{"uv":[4.6875,0.6875,5.1875,1.3125],"tintindex":0,"rotation":0,"texture":"#0"},"up":{"uv":[5.9375,6.375,5.375,5.875],"tintindex":0,"rotation":0,"texture":"#0"},"down":{"uv":[5.9375,6.375,5.375,5.875],"tintindex":0,"rotation":0,"texture":"#0"}},"rotation":{"origin":[9.683058,8.199274,7.6664143],"angle":-45.0,"axis":"z"}},{"from":[2.2801476,5.8746495,6.528485],"to":[5.2801476,8.874649,9.528484],"faces":{"east":{"uv":[2.0,6.75,2.375,7.125],"tintindex":0,"rotation":0,"texture":"#0"},"south":{"uv":[4.6875,3.625,5.0625,4.0],"tintindex":0,"rotation":0,"texture":"#0"},"north":{"uv":[4.6875,3.625,5.0625,4.0],"tintindex":0,"rotation":0,"texture":"#0"},"west":{"uv":[2.0,6.75,2.375,7.125],"tintindex":0,"rotation":0,"texture":"#0"},"up":{"uv":[2.8125,7.1875,2.4375,6.8125],"tintindex":0,"rotation":0,"texture":"#0"},"down":{"uv":[2.8125,7.1875,2.4375,6.8125],"tintindex":0,"rotation":0,"texture":"#0"}},"rotation":{"origin":[3.7801476,7.3746495,8.028484],"angle":-22.5,"axis":"y"}},{"from":[-2.243719,6.551426,1.8937721],"to":[2.2562814,9.551426,5.893772],"faces":{"east":{"uv":[6.375,3.875,6.875,4.25],"tintindex":0,"rotation":0,"texture":"#0"},"south":{"uv":[5.9375,1.6875,6.5,2.0625],"tintindex":0,"rotation":0,"texture":"#0"},"north":{"uv":[5.9375,1.6875,6.5,2.0625],"tintindex":0,"rotation":0,"texture":"#0"},"west":{"uv":[6.375,3.875,6.875,4.25],"tintindex":0,"rotation":0,"texture":"#0"},"up":{"uv":[5.25,1.875,4.6875,1.375],"tintindex":0,"rotation":0,"texture":"#0"},"down":{"uv":[5.25,1.875,4.6875,1.375],"tintindex":0,"rotation":0,"texture":"#0"}},"rotation":{"origin":[0.006281376,8.051426,3.8937721],"angle":-45.0,"axis":"y"}}],"display":{"gui":{"rotation":[30,225,0]}}}