{"textures":{"0":"modelengine:entity/zombie_brute_texture"},"elements":[{"from":[1.9355936,11.411947,4.2333155],"to":[3.8555937,20.371946,6.7933154],"faces":{"east":{"uv":[2.3125,8.625,2.5625,9.5],"tintindex":0,"rotation":0,"texture":"#0"},"south":{"uv":[5.0,8.75,5.1875,9.625],"tintindex":0,"rotation":0,"texture":"#0"},"north":{"uv":[4.75,8.75,4.9375,9.625],"tintindex":0,"rotation":0,"texture":"#0"},"west":{"uv":[8.625,7.0,8.875,7.875],"tintindex":0,"rotation":0,"texture":"#0"},"up":{"uv":[9.6875,3.4375,9.5,3.1875],"tintindex":0,"rotation":0,"texture":"#0"},"down":{"uv":[9.6875,3.5,9.5,3.75],"tintindex":0,"rotation":0,"texture":"#0"}},"rotation":{"origin":[2.8955936,15.891947,7.7533154],"angle":22.5,"axis":"z"}},{"from":[1.9186063,18.6812,4.407839],"to":[4.478606,21.241201,6.9678392],"faces":{"east":{"uv":[9.25,7.625,9.5,7.875],"tintindex":0,"rotation":0,"texture":"#0"},"south":{"uv":[9.25,7.9375,9.5,8.1875],"tintindex":0,"rotation":0,"texture":"#0"},"north":{"uv":[9.1875,9.1875,9.4375,9.4375],"tintindex":0,"rotation":0,"texture":"#0"},"west":{"uv":[8.25,9.25,8.5,9.5],"tintindex":0,"rotation":0,"texture":"#0"},"up":{"uv":[9.5,8.5,9.25,8.25],"tintindex":0,"rotation":0,"texture":"#0"},"down":{"uv":[9.5,8.5625,9.25,8.8125],"tintindex":0,"rotation":0,"texture":"#0"}},"rotation":{"origin":[3.198606,20.601198,5.047839],"angle":-45.0,"axis":"y"}},{"from":[3.3755937,5.8394966,5.269333],"to":[16.815594,14.799498,13.589333],"faces":{"east":{"uv":[5.0,4.5,5.8125,5.375],"tintindex":0,"rotation":0,"texture":"#0"},"south":{"uv":[0.0,2.0,1.3125,2.875],"tintindex":0,"rotation":0,"texture":"#0"},"north":{"uv":[1.6875,1.875,3.0,2.75],"tintindex":0,"rotation":0,"texture":"#0"},"west":{"uv":[5.125,1.0,5.9375,1.875],"tintindex":0,"rotation":0,"texture":"#0"},"up":{"uv":[2.6875,3.625,1.375,2.8125],"tintindex":0,"rotation":0,"texture":"#0"},"down":{"uv":[4.0625,2.8125,2.75,3.625],"tintindex":0,"rotation":0,"texture":"#0"}},"rotation":{"origin":[8.675964,5.9833813,4.9047823],"angle":-45.0,"axis":"x"}},{"from":[-0.464406,4.559498,3.9893332],"to":[16.175594,14.159496,12.949333],"faces":{"east":{"uv":[4.1875,1.3125,5.0625,2.25],"tintindex":0,"rotation":0,"texture":"#0"},"south":{"uv":[0.0,1.0,1.625,1.9375],"tintindex":0,"rotation":0,"texture":"#0"},"north":{"uv":[0.0,0.0,1.625,0.9375],"tintindex":0,"rotation":0,"texture":"#0"},"west":{"uv":[4.25,0.0,5.125,0.9375],"tintindex":0,"rotation":0,"texture":"#0"},"up":{"uv":[3.3125,0.875,1.6875,0.0],"tintindex":0,"rotation":0,"texture":"#0"},"down":{"uv":[3.3125,0.9375,1.6875,1.8125],"tintindex":0,"rotation":0,"texture":"#0"}},"rotation":{"origin":[8.675964,5.9833813,4.9047823],"angle":-45.0,"axis":"x"}},{"from":[-1.281394,18.261091,4.2333155],"to":[1.2786059,20.821093,6.7933154],"faces":{"east":{"uv":[3.3125,9.375,3.5625,9.625],"tintindex":0,"rotation":0,"texture":"#0"},"south":{"uv":[3.9375,9.375,4.1875,9.625],"tintindex":0,"rotation":0,"texture":"#0"},"north":{"uv":[2.625,9.375,2.875,9.625],"tintindex":0,"rotation":0,"texture":"#0"},"west":{"uv":[4.25,9.375,4.5,9.625],"tintindex":0,"rotation":0,"texture":"#0"},"up":{"uv":[9.625,6.125,9.375,5.875],"tintindex":0,"rotation":0,"texture":"#0"},"down":{"uv":[9.625,6.1875,9.375,6.4375],"tintindex":0,"rotation":0,"texture":"#0"}},"rotation":{"origin":[-0.0013933182,19.541094,5.8333154],"angle":-22.5,"axis":"x"}}],"display":{"gui":{"rotation":[30,225,0]}}}