{"textures":{"0":"modelengine:entity/zombie_brute_texture"},"elements":[{"from":[2.2399998,5.8666687,-4.6933336],"to":[13.76,14.826668,8.1066675],"faces":{"east":{"uv":[8.0625,4.125,8.6875,4.5625],"tintindex":0,"rotation":0,"texture":"#0"},"south":{"uv":[5.375,8.5,5.9375,8.9375],"tintindex":0,"rotation":0,"texture":"#0"},"north":{"uv":[8.5,1.5625,9.0625,2.0],"tintindex":0,"rotation":0,"texture":"#0"},"west":{"uv":[7.125,8.25,7.75,8.6875],"tintindex":0,"rotation":0,"texture":"#0"},"up":{"uv":[8.4375,1.4375,7.875,0.8125],"tintindex":0,"rotation":0,"texture":"#0"},"down":{"uv":[8.4375,1.5,7.875,2.125],"tintindex":0,"rotation":0,"texture":"#0"}}},{"from":[1.5999999,5.2266693,-5.333333],"to":[14.4,15.466667,8.746667],"faces":{"east":{"uv":[0.9375,5.0,1.625,5.5],"tintindex":0,"rotation":0,"texture":"#0"},"south":{"uv":[8.0625,0.0,8.6875,0.5],"tintindex":0,"rotation":0,"texture":"#0"},"north":{"uv":[8.0,2.9375,8.625,3.4375],"tintindex":0,"rotation":0,"texture":"#0"},"west":{"uv":[7.9375,5.3125,8.625,5.8125],"tintindex":0,"rotation":0,"texture":"#0"},"up":{"uv":[0.625,4.9375,0.0,4.25],"tintindex":0,"rotation":0,"texture":"#0"},"down":{"uv":[7.625,2.25,7.0,2.9375],"tintindex":0,"rotation":0,"texture":"#0"}}}],"display":{"gui":{"rotation":[30,225,0]}}}