{"textures":{"0":"modelengine:entity/zombie_brute_texture"},"elements":[{"from":[-7.5448008,-13.459192,1.1500101],"to":[3.9751997,3.180809,15.230011],"faces":{"east":{"uv":[3.375,6.4375,4.0625,7.25],"tintindex":0,"rotation":0,"texture":"#0"},"south":{"uv":[5.6875,6.8125,6.25,7.625],"tintindex":0,"rotation":0,"texture":"#0"},"north":{"uv":[5.6875,6.8125,6.25,7.625],"tintindex":0,"rotation":0,"texture":"#0"},"west":{"uv":[3.375,6.4375,4.0625,7.25],"tintindex":0,"rotation":0,"texture":"#0"},"up":{"uv":[8.0,4.5625,7.4375,3.875],"tintindex":0,"rotation":0,"texture":"#0"},"down":{"uv":[8.0,4.5625,7.4375,3.875],"tintindex":0,"rotation":0,"texture":"#0"}},"rotation":{"origin":[13.594204,-2.5080566,4.6894226],"angle":-45.0,"axis":"z"}},{"from":[-8.824802,-12.1791935,-0.12998962],"to":[2.695199,0.62080765,11.390011],"faces":{"east":{"uv":[7.75,4.625,8.3125,5.25],"tintindex":0,"rotation":0,"texture":"#0"},"south":{"uv":[5.9375,7.8125,6.5,8.4375],"tintindex":0,"rotation":0,"texture":"#0"},"north":{"uv":[7.6875,2.25,8.25,2.875],"tintindex":0,"rotation":0,"texture":"#0"},"west":{"uv":[7.8125,6.625,8.375,7.25],"tintindex":0,"rotation":0,"texture":"#0"},"up":{"uv":[8.5,6.4375,7.9375,5.875],"tintindex":0,"rotation":0,"texture":"#0"},"down":{"uv":[2.6875,8.0,2.125,8.5625],"tintindex":0,"rotation":0,"texture":"#0"}},"rotation":{"origin":[13.594204,-2.5080566,4.6894226],"angle":-45.0,"axis":"z"}}],"display":{"gui":{"rotation":[30,225,0]}}}