{"textures":{"0":"modelengine:entity/mount_yak_plus"},"elements":[{"from":[-6.285281,-6.890011,1.6212463E-5],"to":[3.7147188,0.109989166,11.000017],"faces":{"east":{"uv":[6.9375,5.5625,7.625,6.0],"tintindex":0,"rotation":0,"texture":"#0"},"south":{"uv":[7.1875,3.4375,7.8125,3.875],"tintindex":0,"rotation":0,"texture":"#0"},"north":{"uv":[3.0625,7.1875,3.6875,7.625],"tintindex":0,"rotation":0,"texture":"#0"},"west":{"uv":[7.0625,0.0,7.75,0.4375],"tintindex":0,"rotation":0,"texture":"#0"},"up":{"uv":[6.625,5.5625,6.0,4.875],"tintindex":0,"rotation":0,"texture":"#0"},"down":{"uv":[6.6875,3.6875,6.0625,4.375],"tintindex":0,"rotation":0,"texture":"#0"}},"rotation":{"origin":[-1.2852812,-2.3900108,7.700017],"angle":-22.5,"axis":"x"}},{"from":[-11.285282,-3.8900108,8.200017],"to":[-6.285281,4.109989,13.200017],"faces":{"east":{"uv":[2.5625,5.8125,2.875,6.3125],"tintindex":0,"rotation":0,"texture":"#0"},"south":{"uv":[6.0,6.5,6.3125,7.0],"tintindex":0,"rotation":0,"texture":"#0"},"north":{"uv":[3.5,5.75,3.8125,6.25],"tintindex":0,"rotation":0,"texture":"#0"},"west":{"uv":[2.5,7.3125,2.8125,7.8125],"tintindex":0,"rotation":0,"texture":"#0"},"up":{"uv":[8.1875,3.25,7.875,2.9375],"tintindex":0,"rotation":0,"texture":"#0"},"down":{"uv":[8.1875,5.4375,7.875,5.75],"tintindex":0,"rotation":0,"texture":"#0"}},"rotation":{"origin":[-4.785281,-1.3900108,10.700017],"angle":45.0,"axis":"z"}},{"from":[6.7000003,-3.2441273,9.166425],"to":[10.7,4.755871,13.166425],"faces":{"east":{"uv":[7.625,0.4375,7.875,0.9375],"tintindex":0,"rotation":0,"texture":"#0"},"south":{"uv":[7.625,2.9375,7.875,3.4375],"tintindex":0,"rotation":0,"texture":"#0"},"north":{"uv":[3.9375,7.5625,4.1875,8.0625],"tintindex":0,"rotation":0,"texture":"#0"},"west":{"uv":[3.0625,7.625,3.3125,8.125],"tintindex":0,"rotation":0,"texture":"#0"},"up":{"uv":[8.3125,4.8125,8.0625,4.5625],"tintindex":0,"rotation":0,"texture":"#0"},"down":{"uv":[8.3125,4.8125,8.0625,5.0625],"tintindex":0,"rotation":0,"texture":"#0"}},"rotation":{"origin":[4.2000003,-0.7441273,11.466424],"angle":22.5,"axis":"x"}},{"from":[-12.070562,6.5,-1.000001],"to":[-9.070562,9.5,8.0],"faces":{"east":{"uv":[6.1875,2.75,6.75,2.9375],"tintindex":0,"rotation":0,"texture":"#0"},"south":{"uv":[5.875,3.6875,6.0625,3.875],"tintindex":0,"rotation":0,"texture":"#0"},"north":{"uv":[2.875,5.5625,3.0625,5.75],"tintindex":0,"rotation":0,"texture":"#0"},"west":{"uv":[7.1875,4.125,7.75,4.3125],"tintindex":0,"rotation":0,"texture":"#0"},"up":{"uv":[5.375,8.375,5.1875,7.8125],"tintindex":0,"rotation":0,"texture":"#0"},"down":{"uv":[8.0625,0.3125,7.875,0.875],"tintindex":0,"rotation":0,"texture":"#0"}},"rotation":{"origin":[-10.570562,8.0,8.0],"angle":-22.5,"axis":"x"}},{"from":[-5.5852814,-10.490011,1.6000166],"to":[-1.5852814,-8.490011,3.6000166],"faces":{"east":{"uv":[4.4375,5.625,4.5625,5.75],"tintindex":0,"rotation":0,"texture":"#0"},"south":{"uv":[3.0,2.25,3.25,2.375],"tintindex":0,"rotation":0,"texture":"#0"},"north":{"uv":[2.75,2.25,3.0,2.375],"tintindex":0,"rotation":0,"texture":"#0"},"west":{"uv":[5.875,4.875,6.0,5.0],"tintindex":0,"rotation":0,"texture":"#0"},"up":{"uv":[5.625,5.0,5.375,4.875],"tintindex":0,"rotation":0,"texture":"#0"},"down":{"uv":[5.75,2.1875,5.5,2.3125],"tintindex":0,"rotation":0,"texture":"#0"}},"rotation":{"origin":[-3.2852812,-9.890011,2.6000166],"angle":-22.5,"axis":"z"}},{"from":[-1.2852812,-2.8900108,-2.9999838],"to":[-1.2852812,4.109989,2.0000162],"faces":{"east":{"uv":[0.0,7.375,0.3125,7.8125],"tintindex":0,"rotation":0,"texture":"#0"},"west":{"uv":[7.375,7.0,7.6875,7.4375],"tintindex":0,"rotation":0,"texture":"#0"}},"rotation":{"origin":[-1.2852812,-2.3900108,7.700017],"angle":-22.5,"axis":"x"}},{"from":[-7.285281,-8.890011,2.200017],"to":[4.714719,-4.890011,13.200017],"faces":{"east":{"uv":[7.25,1.625,7.9375,1.875],"tintindex":0,"rotation":0,"texture":"#0"},"south":{"uv":[6.9375,6.0,7.6875,6.25],"tintindex":0,"rotation":0,"texture":"#0"},"north":{"uv":[6.8125,2.4375,7.5625,2.6875],"tintindex":0,"rotation":0,"texture":"#0"},"west":{"uv":[7.25,2.6875,7.9375,2.9375],"tintindex":0,"rotation":0,"texture":"#0"},"up":{"uv":[4.625,5.625,3.875,4.9375],"tintindex":0,"rotation":0,"texture":"#0"},"down":{"uv":[1.5,5.0,0.75,5.6875],"tintindex":0,"rotation":0,"texture":"#0"}}},{"from":[-3.7852812,-12.890011,2.200017],"to":[5.214719,-8.890011,11.200017],"faces":{"east":{"uv":[7.375,6.5,7.9375,6.75],"tintindex":0,"rotation":0,"texture":"#0"},"south":{"uv":[6.75,7.375,7.3125,7.625],"tintindex":0,"rotation":0,"texture":"#0"},"north":{"uv":[7.375,6.25,7.9375,6.5],"tintindex":0,"rotation":0,"texture":"#0"},"west":{"uv":[7.375,6.75,7.9375,7.0],"tintindex":0,"rotation":0,"texture":"#0"},"up":{"uv":[7.375,6.8125,6.8125,6.25],"tintindex":0,"rotation":0,"texture":"#0"},"down":{"uv":[7.375,6.8125,6.8125,7.375],"tintindex":0,"rotation":0,"texture":"#0"}},"rotation":{"origin":[-1.2852812,-10.890011,4.700017],"angle":-45.0,"axis":"y"}},{"from":[6.5,6.5,-1.000001],"to":[9.5,9.5,8.0],"faces":{"east":{"uv":[7.625,0.9375,8.1875,1.125],"tintindex":0,"rotation":0,"texture":"#0"},"south":{"uv":[6.0,5.5625,6.1875,5.75],"tintindex":0,"rotation":0,"texture":"#0"},"north":{"uv":[5.875,3.875,6.0625,4.0625],"tintindex":0,"rotation":0,"texture":"#0"},"west":{"uv":[7.75,4.125,8.3125,4.3125],"tintindex":0,"rotation":0,"texture":"#0"},"up":{"uv":[8.0625,4.875,7.875,4.3125],"tintindex":0,"rotation":0,"texture":"#0"},"down":{"uv":[8.0625,4.875,7.875,5.4375],"tintindex":0,"rotation":0,"texture":"#0"}},"rotation":{"origin":[8.0,8.0,8.0],"angle":-22.5,"axis":"x"}},{"from":[-7.285281,-12.890011,7.200017],"to":[4.714719,-8.890011,13.200017],"faces":{"east":{"uv":[3.625,1.5,4.0,1.75],"tintindex":0,"rotation":0,"texture":"#0"},"south":{"uv":[7.1875,3.875,7.9375,4.125],"tintindex":0,"rotation":0,"texture":"#0"},"north":{"uv":[7.125,4.6875,7.875,4.9375],"tintindex":0,"rotation":0,"texture":"#0"},"west":{"uv":[7.25,7.875,7.625,8.125],"tintindex":0,"rotation":0,"texture":"#0"},"up":{"uv":[6.75,7.4375,6.0,7.0625],"tintindex":0,"rotation":0,"texture":"#0"},"down":{"uv":[7.875,4.3125,7.125,4.6875],"tintindex":0,"rotation":0,"texture":"#0"}}},{"from":[-0.985281,-10.490011,1.6000166],"to":[3.014719,-8.490011,3.6000166],"faces":{"east":{"uv":[6.0,2.1875,6.125,2.3125],"tintindex":0,"rotation":0,"texture":"#0"},"south":{"uv":[5.75,2.1875,6.0,2.3125],"tintindex":0,"rotation":0,"texture":"#0"},"north":{"uv":[5.625,4.875,5.875,5.0],"tintindex":0,"rotation":0,"texture":"#0"},"west":{"uv":[6.1875,5.5625,6.3125,5.6875],"tintindex":0,"rotation":0,"texture":"#0"},"up":{"uv":[6.375,0.625,6.125,0.5],"tintindex":0,"rotation":0,"texture":"#0"},"down":{"uv":[3.75,6.25,3.5,6.375],"tintindex":0,"rotation":0,"texture":"#0"}},"rotation":{"origin":[0.7147188,-9.890011,2.6000166],"angle":22.5,"axis":"z"}},{"from":[-13.270561,-3.2441273,9.166425],"to":[-9.270563,4.755871,13.166425],"faces":{"east":{"uv":[1.875,7.3125,2.125,7.8125],"tintindex":0,"rotation":0,"texture":"#0"},"south":{"uv":[2.8125,7.3125,3.0625,7.8125],"tintindex":0,"rotation":0,"texture":"#0"},"north":{"uv":[2.875,5.0625,3.125,5.5625],"tintindex":0,"rotation":0,"texture":"#0"},"west":{"uv":[5.25,7.3125,5.5,7.8125],"tintindex":0,"rotation":0,"texture":"#0"},"up":{"uv":[8.3125,3.75,8.0625,3.5],"tintindex":0,"rotation":0,"texture":"#0"},"down":{"uv":[3.8125,8.0625,3.5625,8.3125],"tintindex":0,"rotation":0,"texture":"#0"}},"rotation":{"origin":[-6.770563,-0.7441273,11.466424],"angle":22.5,"axis":"x"}},{"from":[-12.670563,3.352333,9.87193],"to":[-8.670563,11.352333,13.87193],"faces":{"east":{"uv":[1.25,7.5625,1.5,8.0625],"tintindex":0,"rotation":0,"texture":"#0"},"south":{"uv":[1.5,7.5625,1.75,8.0625],"tintindex":0,"rotation":0,"texture":"#0"},"north":{"uv":[6.5,7.4375,6.75,7.9375],"tintindex":0,"rotation":0,"texture":"#0"},"west":{"uv":[3.6875,7.5625,3.9375,8.0625],"tintindex":0,"rotation":0,"texture":"#0"},"up":{"uv":[4.0625,8.3125,3.8125,8.0625],"tintindex":0,"rotation":0,"texture":"#0"},"down":{"uv":[8.3125,4.3125,8.0625,4.5625],"tintindex":0,