{"textures":{"0":"modelengine:entity/blood_meteor"},"elements":[{"from":[3.4291897,9.344765,19.008423],"to":[12.899689,10.392964,19.008423],"faces":{"east":{"uv":[11.5,10.5,14.75,13.75],"tintindex":0,"rotation":0,"texture":"#0"},"south":{"uv":[11.5,10.5,14.75,13.75],"tintindex":0,"rotation":0,"texture":"#0"},"north":{"uv":[11.5,10.5,14.75,13.75],"tintindex":0,"rotation":0,"texture":"#0"},"west":{"uv":[11.5,10.5,14.75,13.75],"tintindex":0,"rotation":0,"texture":"#0"},"up":{"uv":[11.5,10.5,14.75,13.75],"tintindex":0,"rotation":0,"texture":"#0"},"down":{"uv":[11.5,10.5,14.75,13.75],"tintindex":0,"rotation":0,"texture":"#0"}},"rotation":{"origin":[7.3748446,7.9639225,9.251537],"angle":22.5,"axis":"z"}},{"from":[20.206682,4.1055145,2.2392602],"to":[20.206682,4.403714,11.70976],"faces":{"east":{"uv":[11.5,10.5,14.75,13.75],"tintindex":0,"rotation":0,"texture":"#0"},"south":{"uv":[11.5,10.5,14.75,13.75],"tintindex":0,"rotation":0,"texture":"#0"},"north":{"uv":[11.5,10.5,14.75,13.75],"tintindex":0,"rotation":0,"texture":"#0"},"west":{"uv":[11.5,10.5,14.75,13.75],"tintindex":0,"rotation":0,"texture":"#0"},"up":{"uv":[11.5,10.5,14.75,13.75],"tintindex":0,"rotation":0,"texture":"#0"},"down":{"uv":[11.5,10.5,14.75,13.75],"tintindex":0,"rotation":0,"texture":"#0"}},"rotation":{"origin":[8.497873,7.9639225,5.9035025],"angle":-45.0,"axis":"y"}},{"from":[-4.3339653,4.1055145,3.4452806],"to":[-4.3339653,4.403714,12.915779],"faces":{"east":{"uv":[11.5,10.5,14.75,13.75],"tintindex":0,"rotation":0,"texture":"#0"},"south":{"uv":[11.5,10.5,14.75,13.75],"tintindex":0,"rotation":0,"texture":"#0"},"north":{"uv":[11.5,10.5,14.75,13.75],"tintindex":0,"rotation":0,"texture":"#0"},"west":{"uv":[11.5,10.5,14.75,13.75],"tintindex":0,"rotation":0,"texture":"#0"},"up":{"uv":[11.5,10.5,14.75,13.75],"tintindex":0,"rotation":0,"texture":"#0"},"down":{"uv":[11.5,10.5,14.75,13.75],"tintindex":0,"rotation":0,"texture":"#0"}},"rotation":{"origin":[7.3748446,7.9639225,9.251537],"angle":-45.0,"axis":"y"}},{"from":[2.9730291,9.344765,-3.853383],"to":[12.443528,10.392964,-3.853383],"faces":{"east":{"uv":[11.5,10.5,14.75,13.75],"tintindex":0,"rotation":0,"texture":"#0"},"south":{"uv":[11.5,10.5,14.75,13.75],"tintindex":0,"rotation":0,"texture":"#0"},"north":{"uv":[11.5,10.5,14.75,13.75],"tintindex":0,"rotation":0,"texture":"#0"},"west":{"uv":[11.5,10.5,14.75,13.75],"tintindex":0,"rotation":0,"texture":"#0"},"up":{"uv":[11.5,10.5,14.75,13.75],"tintindex":0,"rotation":0,"texture":"#0"},"down":{"uv":[11.5,10.5,14.75,13.75],"tintindex":0,"rotation":0,"texture":"#0"}},"rotation":{"origin":[8.497873,7.9639225,5.9035025],"angle":-22.5,"axis":"z"}},{"from":[-2.4763002,7.7297173,3.729629],"to":[-2.4763002,8.527917,13.200129],"faces":{"east":{"uv":[11.5,10.5,14.75,13.75],"tintindex":0,"rotation":0,"texture":"#0"},"south":{"uv":[11.5,10.5,14.75,13.75],"tintindex":0,"rotation":0,"texture":"#0"},"north":{"uv":[11.5,10.5,14.75,13.75],"tintindex":0,"rotation":0,"texture":"#0"},"west":{"uv":[11.5,10.5,14.75,13.75],"tintindex":0,"rotation":0,"texture":"#0"},"up":{"uv":[11.5,10.5,14.75,13.75],"tintindex":0,"rotation":0,"texture":"#0"},"down":{"uv":[11.5,10.5,14.75,13.75],"tintindex":0,"rotation":0,"texture":"#0"}},"rotation":{"origin":[7.3748446,7.9639225,9.251537],"angle":45.0,"axis":"y"}},{"from":[19.593113,11.524132,2.936236],"to":[19.593113,11.82233,12.406735],"faces":{"east":{"uv":[11.5,10.5,14.75,13.75],"tintindex":0,"rotation":0,"texture":"#0"},"south":{"uv":[11.5,10.5,14.75,13.75],"tintindex":0,"rotation":0,"texture":"#0"},"north":{"uv":[11.5,10.5,14.75,13.75],"tintindex":0,"rotation":0,"texture":"#0"},"west":{"uv":[11.5,10.5,14.75,13.75],"tintindex":0,"rotation":0,"texture":"#0"},"up":{"uv":[11.5,10.5,14.75,13.75],"tintindex":0,"rotation":0,"texture":"#0"},"down":{"uv":[11.5,10.5,14.75,13.75],"tintindex":0,"rotation":0,"texture":"#0"}},"rotation":{"origin":[7.3748446,7.9639225,9.251537],"angle":45.0,"axis":"y"}},{"from":[-3.4955454,6.576062,2.5196214],"to":[-3.4955454,7.124262,11.990121],"faces":{"east":{"uv":[11.5,10.5,14.75,13.75],"tintindex":0,"rotation":0,"texture":"#0"},"south":{"uv":[11.5,10.5,14.75,13.75],"tintindex":0,"rotation":0,"texture":"#0"},"north":{"uv":[11.5,10.5,14.75,13.75],"tintindex":0,"rotation":0,"texture":"#0"},"west":{"uv":[11.5,10.5,14.75,13.75],"tintindex":0,"rotation":0,"texture":"#0"},"up":{"uv":[11.5,10.5,14.75,13.75],"tintindex":0,"rotation":0,"texture":"#0"},"down":{"uv":[11.5,10.5,14.75,13.75],"tintindex":0,"rotation":0,"texture":"#0"}},"rotation":{"origin":[7.3748446,7.9639225,9.251537],"angle":-22.5,"axis":"x"}},{"from":[-3.720397,11.524132,2.7483044],"to":[-3.720397,11.82233,12.218803],"faces":{"east":{"uv":[11.5,10.5,14.75,13.75],"tintindex":0,"rotation":0,"texture":"#0"},"south":{"uv":[11.5,10.5,14.75,13.75],"tintindex":0,"rotation":0,"texture":"#0"},"north":{"uv":[11.5,10.5,14.75,13.75],"tintindex":0,"rotation":0,"texture":"#0"},"west":{"uv":[11.5,10.5,14.75,13.75],"tintindex":0,"rotation":0,"texture":"#0"},"up":{"uv":[11.5,10.5,14.75,13.75],"tintindex":0,"rotation":0,"texture":"#0"},"down":{"uv":[11.5,10.5,14.75,13.75],"tintindex":0,"rotation":0,"texture":"#0"}},"rotation":{"origin":[8.497873,7.9639225,5.9035025],"angle":45.0,"axis":"y"}},{"from":[18.349018,7.7297173,1.9549112],"to":[18.349018,8.527917,11.425411],"faces":{"east":{"uv":[11.5,10.5,14.75,13.75],"tintindex":0,"rotation":0,"texture":"#0"},"south":{"uv":[11.5,10.5,14.75,13.75],"tintindex":0,"rotation":0,"texture":"#0"},"north":{"uv":[11.5,10.5,14.75,13.75],"tintindex":0,"rotation":0,"texture":"#0"},"west":{"uv":[11.5,10.5,14.75,13.75],"tintindex":0,"rotation":0,"texture":"#0"},"up":{"uv":[11.5,10.5,14.75,13.75],"tintindex":0,"rotation":0,"texture":"#0"},"down":{"uv":[11.5,10.5,14.75,13.75],"tintindex":0,"rotation":0,"texture":"#0"}},"rotation":{"origin":[8.497873,7.9639225,5.9035025],"angle":45.0,"axis":"y"}},{"from":[-1.3529787,11.024132,1.9556189],"to":[-1.3529787,12.32233,11.426119],"faces":{"east":{"uv":[11.5,10.5,14.75,13.75],"tintindex":0,"rotation":0,"texture":"#0"},"south":{"uv":[11.5,10.5,14.75,13.75],"tintindex":0,"rotation":0,"texture":"#0"},"north":{"uv":[11.5,10.5,14.75,13.75],"tintindex":0,"rotation":0,"texture":"#0"},"west":{"uv":[11.5,10.5,14.75,13.75],"tintindex":0,"rotation":0,"texture":"#0"},"up":{"uv":[11.5,10.5,14.75,13.75],"tintindex":0,"rotation":0,"texture":"#0"},"down":{"uv":[11.5,10.5,14.75,13.75],"tintindex":0,"rotation":0,"texture":"#0"}},"rotation":{"origin":[8.497873,7.9639225,5.9035025],"angle":-45.0,"axis":"y"}},{"from":[17.225697,11.024132,3.728922],"to":[17.225697,12.32233,13.199421],"faces":{"east":{"uv":[11.5,10.5,14.75,13.75],"tintindex":0,"rotation":0,"texture":"#0"},"south":{"uv":[11.5,10.5,14.75,13.75],"tintindex":0,"rotation":0,"texture":"#0"},"north":{"uv":[11.5,10.5,14.75,13.75],"tintindex":0,"rotation":0,"texture":"#0"},"west":{"uv":[11.5,10.5,14.75,13.75],"tintindex":0,"rotation":0,"texture":"#0"},"up":{"uv":[11.5,10.5,14.75,13.75],"tintindex":0,"rotation":0,"texture":"#0"},"down":{"uv":[11.5,10.5,14.75,13.75],"tintindex":0,"rotation":0,"texture":"#0"}},"rotation":{"origin":[7.3748446,7.9639225,9.251537],"angle":-45.0,"axis":"y"}},{"from":[-2.3725166,11.024132,2.84227],"to":[-2.3725166,11.82233,12.312769],"faces":{"east":{"uv":[11.5,10.5,14.75,13.75],"tintindex":0,"rotation":0,"texture":"#0"},"south":{"uv":[11.5,10.5,14.75,13.75],"tintindex":0,"rotation":0,"texture":"#0"},"north":{"uv":[11.5,10.5,14.75,13.75],"tintindex":0,"rotation":0,"texture":"#0"},"west":{"uv":[11.5,10.5,14.75,13.75],"tintindex":0,"rotation":0,"texture":"#0"},"up":{"uv":[11.5,10.5,14.75,13.75],"tintindex":0,"rotation":0,"texture":"#0"},"down":{"uv":[11.5,10.5,14.75,13.75],"tintindex":0,"rotation":0,"texture":"#0"}}},{"from":[18.245234,11.024132,2.8422704],"to":[18.245234,11.82233,12.31277],"faces":{"east":{"uv":[11.5,10.5,14.75,13.75],"tintindex":0,"rotation":0,"texture":"#0"},"south":{"uv":[11.5,10.5,14.75,13.75],"tintindex":0,"rotation":0,"texture":"#0"},