{"textures":{"0":"modelengine:entity/mf_deceptor_spawner"},"elements":[{"from":[2.75,2.0433044,2.8433695],"to":[13.25,7.0433044,2.8433695],"faces":{"south":{"uv":[13.0,6.7777777,14.222222,7.3333335],"tintindex":0,"rotation":0,"texture":"#0"},"north":{"uv":[13.0,6.2222223,14.222222,6.7777777],"tintindex":0,"rotation":0,"texture":"#0"}}},{"from":[3.0,7.5,5.166667],"to":[13.0,14.5,11.916667],"faces":{"east":{"uv":[8.333333,12.555555,9.111112,13.333333],"tintindex":0,"rotation":0,"texture":"#0"},"south":{"uv":[12.0,10.111112,13.111112,10.888889],"tintindex":0,"rotation":0,"texture":"#0"},"north":{"uv":[12.0,9.333333,13.111112,10.111112],"tintindex":0,"rotation":0,"texture":"#0"},"west":{"uv":[13.0,7.3333335,13.777778,8.111112],"tintindex":0,"rotation":0,"texture":"#0"},"up":{"uv":[13.222222,11.666667,12.111112,10.888889],"tintindex":0,"rotation":0,"texture":"#0"},"down":{"uv":[13.222222,11.666667,12.111112,12.444445],"tintindex":0,"rotation":0,"texture":"#0"}}},{"from":[2.75,7.771652,1.5050178],"to":[13.25,12.771652,6.505018],"faces":{"east":{"uv":[3.3333333,8.444445,3.8888888,9.0],"tintindex":0,"rotation":0,"texture":"#0"},"south":{"uv":[12.666667,12.444445,13.888889,13.0],"tintindex":0,"rotation":0,"texture":"#0"},"north":{"uv":[7.111111,12.555555,8.333333,13.111112],"tintindex":0,"rotation":0,"texture":"#0"},"west":{"uv":[3.8888888,8.444445,4.4444447,9.0],"tintindex":0,"rotation":0,"texture":"#0"},"up":{"uv":[14.222222,5.6666665,13.0,5.111111],"tintindex":0,"rotation":0,"texture":"#0"},"down":{"uv":[14.222222,5.6666665,13.0,6.2222223],"tintindex":0,"rotation":0,"texture":"#0"}},"rotation":{"origin":[8.0,10.771652,4.005018],"angle":-22.5,"axis":"x"}}],"display":{"gui":{"rotation":[30,225,0]}}}