{"textures":{"0":"modelengine:entity/mf_deceptor_spawner"},"elements":[{"from":[6.0,-1.5,6.0],"to":[10.0,9.5,10.0],"faces":{"east":{"uv":[1.7777778,13.222222,2.2222223,14.444445],"tintindex":0,"rotation":0,"texture":"#0"},"south":{"uv":[2.2222223,13.222222,2.6666667,14.444445],"tintindex":0,"rotation":0,"texture":"#0"},"north":{"uv":[1.3333334,13.222222,1.7777778,14.444445],"tintindex":0,"rotation":0,"texture":"#0"},"west":{"uv":[13.222222,10.888889,13.666667,12.111112],"tintindex":0,"rotation":0,"texture":"#0"},"up":{"uv":[11.666667,8.888889,11.222222,8.444445],"tintindex":0,"rotation":0,"texture":"#0"},"down":{"uv":[6.6666665,13.333333,6.2222223,13.777778],"tintindex":0,"rotation":0,"texture":"#0"}}}],"display":{"gui":{"rotation":[30,225,0]}}}