{"textures":{"0":"modelengine:entity/mf_deceptor_spawner"},"elements":[{"from":[6.0,-1.5,6.0],"to":[10.0,9.5,10.0],"faces":{"east":{"uv":[0.0,13.222222,0.44444445,14.444445],"tintindex":0,"rotation":0,"texture":"#0"},"south":{"uv":[0.44444445,13.222222,0.8888889,14.444445],"tintindex":0,"rotation":0,"texture":"#0"},"north":{"uv":[13.111112,9.666667,13.555555,10.888889],"tintindex":0,"rotation":0,"texture":"#0"},"west":{"uv":[0.8888889,13.222222,1.3333334,14.444445],"tintindex":0,"rotation":0,"texture":"#0"},"up":{"uv":[3.3333333,11.111112,2.8888888,10.666667],"tintindex":0,"rotation":0,"texture":"#0"},"down":{"uv":[3.3333333,11.111112,2.8888888,11.555555],"tintindex":0,"rotation":0,"texture":"#0"}}}],"display":{"gui":{"rotation":[30,225,0]}}}