{"textures":{"0":"modelengine:entity/fx_terra_wall"},"elements":[{"from":[-6.0171423,8.837584,1.4331694],"to":[-1.6171427,10.597584,4.9531693],"faces":{"east":{"uv":[6.125,2.5,6.625,2.75],"tintindex":0,"rotation":0,"texture":"#0"},"south":{"uv":[6.0,4.625,6.625,4.875],"tintindex":0,"rotation":0,"texture":"#0"},"north":{"uv":[6.0,4.25,6.625,4.5],"tintindex":0,"rotation":0,"texture":"#0"},"west":{"uv":[6.125,2.875,6.625,3.125],"tintindex":0,"rotation":0,"texture":"#0"},"up":{"uv":[6.0,2.5,5.375,2.0],"tintindex":0,"rotation":0,"texture":"#0"},"down":{"uv":[6.0,2.625,5.375,3.125],"tintindex":0,"rotation":0,"texture":"#0"}},"rotation":{"origin":[10.702857,12.877344,8.505394],"angle":-22.5,"axis":"x"}},{"from":[3.662857,7.5113196,7.625395],"to":[6.3028574,9.271319,10.265394],"faces":{"east":{"uv":[0.5,6.5,0.875,6.75],"tintindex":0,"rotation":0,"texture":"#0"},"south":{"uv":[1.0,6.5,1.375,6.75],"tintindex":0,"rotation":0,"texture":"#0"},"north":{"uv":[0.0,6.5,0.375,6.75],"tintindex":0,"rotation":0,"texture":"#0"},"west":{"uv":[1.5,6.5,1.875,6.75],"tintindex":0,"rotation":0,"texture":"#0"},"up":{"uv":[6.375,6.125,6.0,5.75],"tintindex":0,"rotation":0,"texture":"#0"},"down":{"uv":[6.5,2.0,6.125,2.375],"tintindex":0,"rotation":0,"texture":"#0"}},"rotation":{"origin":[10.702857,12.877344,8.505394],"angle":-45.0,"axis":"y"}},{"from":[12.649245,5.5381584,4.1053944],"to":[14.409245,6.418158,5.8653946],"faces":{"east":{"uv":[6.75,3.125,7.0,3.25],"tintindex":0,"rotation":0,"texture":"#0"},"south":{"uv":[6.75,3.375,7.0,3.5],"tintindex":0,"rotation":0,"texture":"#0"},"north":{"uv":[6.75,2.875,7.0,3.0],"tintindex":0,"rotation":0,"texture":"#0"},"west":{"uv":[6.75,3.625,7.0,3.75],"tintindex":0,"rotation":0,"texture":"#0"},"up":{"uv":[6.0,6.875,5.75,6.625],"tintindex":0,"rotation":0,"texture":"#0"},"down":{"uv":[6.375,6.625,6.125,6.875],"tintindex":0,"rotation":0,"texture":"#0"}},"rotation":{"origin":[10.702857,12.877344,8.505394],"angle":22.5,"axis":"z"}},{"from":[6.9964695,5.5381584,11.145395],"to":[8.75647,6.418158,12.905395],"faces":{"east":{"uv":[6.75,3.625,7.0,3.75],"tintindex":0,"rotation":0,"texture":"#0"},"south":{"uv":[6.75,2.875,7.0,3.0],"tintindex":0,"rotation":0,"texture":"#0"},"north":{"uv":[6.75,3.375,7.0,3.5],"tintindex":0,"rotation":0,"texture":"#0"},"west":{"uv":[6.75,3.125,7.0,3.25],"tintindex":0,"rotation":0,"texture":"#0"},"up":{"uv":[5.75,6.625,6.0,6.875],"tintindex":0,"rotation":0,"texture":"#0"},"down":{"uv":[6.125,6.875,6.375,6.625],"tintindex":0,"rotation":0,"texture":"#0"}},"rotation":{"origin":[10.702857,12.877344,8.505394],"angle":-22.5,"axis":"z"}},{"from":[-2.4971428,9.277584,12.93762],"to":[-0.73714256,10.157583,14.697619],"faces":{"east":{"uv":[6.75,5.0,7.0,5.125],"tintindex":0,"rotation":0,"texture":"#0"},"south":{"uv":[6.75,4.25,7.0,4.375],"tintindex":0,"rotation":0,"texture":"#0"},"north":{"uv":[6.75,4.75,7.0,4.875],"tintindex":0,"rotation":0,"texture":"#0"},"west":{"uv":[6.75,4.5,7.0,4.625],"tintindex":0,"rotation":0,"texture":"#0"},"up":{"uv":[6.625,6.125,6.875,6.375],"tintindex":0,"rotation":0,"texture":"#0"},"down":{"uv":[6.5,6.875,6.75,6.625],"tintindex":0,"rotation":0,"texture":"#0"}},"rotation":{"origin":[10.702857,12.877344,8.505394],"angle":22.5,"axis":"x"}},{"from":[16.862858,8.837584,2.0931692],"to":[20.382858,10.597584,4.7331696],"faces":{"east":{"uv":[6.5,5.75,6.875,6.0],"tintindex":0,"rotation":0,"texture":"#0"},"south":{"uv":[6.0,6.25,6.5,6.5],"tintindex":0,"rotation":0,"texture":"#0"},"north":{"uv":[5.375,6.25,5.875,6.5],"tintindex":0,"rotation":0,"texture":"#0"},"west":{"uv":[6.625,2.0,7.0,2.25],"tintindex":0,"rotation":0,"texture":"#0"},"up":{"uv":[5.875,5.625,5.375,5.25],"tintindex":0,"rotation":0,"texture":"#0"},"down":{"uv":[5.875,5.75,5.375,6.125],"tintindex":0,"rotation":0,"texture":"#0"}},"rotation":{"origin":[10.702857,12.877344,8.505394],"angle":-22.5,"axis":"x"}},{"from":[15.102858,7.5113196,6.7453947],"to":[17.742857,9.271319,9.385395],"faces":{"east":{"uv":[1.5,6.5,1.875,6.75],"tintindex":0,"rotation":0,"texture":"#0"},"south":{"uv":[0.0,6.5,0.375,6.75],"tintindex":0,"rotation":0,"texture":"#0"},"north":{"uv":[1.0,6.5,1.375,6.75],"tintindex":0,"rotation":0,"texture":"#0"},"west":{"uv":[0.5,6.5,0.875,6.75],"tintindex":0,"rotation":0,"texture":"#0"},"up":{"uv":[6.0,5.75,6.375,6.125],"tintindex":0,"rotation":0,"texture":"#0"},"down":{"uv":[6.125,2.375,6.5,2.0],"tintindex":0,"rotation":0,"texture":"#0"}},"rotation":{"origin":[10.702857,12.877344,8.505394],"angle":-45.0,"axis":"y"}}],"display":{"gui":{"rotation":[30,225,0]}}}