{"textures":{"0":"modelengine:entity/specter_texture"},"elements":[{"from":[3.0,-3.5076942,6.6593738],"to":[13.0,6.4923058,6.6593738],"faces":{"south":{"uv":[1.375,0.0,2.5,1.25],"tintindex":0,"rotation":0,"texture":"#0"},"north":{"uv":[2.5,0.0,1.375,1.25],"tintindex":0,"rotation":0,"texture":"#0"}},"rotation":{"origin":[7.5,15.242306,2.4093738],"angle":-22.5,"axis":"x"}},{"from":[3.5,-3.5076942,2.6593738],"to":[12.5,6.4923058,2.6593738],"faces":{"south":{"uv":[2.5,0.0,1.375,1.25],"tintindex":0,"rotation":0,"texture":"#0"},"north":{"uv":[1.375,0.0,2.5,1.25],"tintindex":0,"rotation":0,"texture":"#0"}},"rotation":{"origin":[7.5,15.242306,2.4093738],"angle":-22.5,"axis":"x"}},{"from":[12.975,-3.5076942,2.6593738],"to":[12.975,6.4923058,6.6593738],"faces":{"east":{"uv":[1.125,4.875,1.625,6.125],"tintindex":0,"rotation":0,"texture":"#0"},"west":{"uv":[1.75,4.875,2.25,6.125],"tintindex":0,"rotation":0,"texture":"#0"}},"rotation":{"origin":[7.5,15.242306,2.4093738],"angle":-22.5,"axis":"x"}},{"from":[3.025,-3.5076942,2.6593738],"to":[3.025,6.4923058,6.6593738],"faces":{"east":{"uv":[3.5,5.0,4.0,6.25],"tintindex":0,"rotation":0,"texture":"#0"},"west":{"uv":[5.25,0.0,5.75,1.25],"tintindex":0,"rotation":0,"texture":"#0"}},"rotation":{"origin":[8.5,15.242306,2.4093738],"angle":-22.5,"axis":"x"}}],"display":{"gui":{"rotation":[30,225,0]}}}