{"textures":{"0":"modelengine:entity/lr_gryffin"},"elements":[{"from":[9.294818,-1.9111414,8.296446],"to":[9.294818,8.088859,10.296446],"faces":{"east":{"uv":[10.4375,8.4375,10.3125,9.0625],"tintindex":0,"rotation":0,"texture":"#0"},"west":{"uv":[10.3125,8.4375,10.4375,9.0625],"tintindex":0,"rotation":0,"texture":"#0"}},"rotation":{"origin":[9.294818,3.0888581,9.296446],"angle":-22.5,"axis":"y"}},{"from":[5.6775017,-1.9111414,3.3725662],"to":[9.677502,8.088859,8.372566],"faces":{"east":{"uv":[6.4375,10.125,6.125,10.75],"tintindex":0,"rotation":0,"texture":"#0"},"south":{"uv":[4.625,9.5625,4.375,10.1875],"tintindex":0,"rotation":0,"texture":"#0"},"north":{"uv":[6.4375,9.5,6.1875,10.125],"tintindex":0,"rotation":0,"texture":"#0"},"west":{"uv":[7.625,9.25,7.3125,9.875],"tintindex":0,"rotation":0,"texture":"#0"},"up":{"uv":[3.8125,10.0,4.0625,9.6875],"tintindex":0,"rotation":0,"texture":"#0"},"down":{"uv":[9.6875,3.9375,9.9375,4.25],"tintindex":0,"rotation":0,"texture":"#0"}}}],"display":{"gui":{"rotation":[30,225,0]}}}