{"textures":{"0":"modelengine:entity/forest_element_pet"},"elements":[{"from":[6.531052,1.25,6.5044436],"to":[9.531052,8.25,9.504444],"faces":{"east":{"uv":[11.0,13.400001,11.6,14.8],"tintindex":0,"rotation":0,"texture":"#0"},"south":{"uv":[11.6,13.400001,12.2,14.8],"tintindex":0,"rotation":0,"texture":"#0"},"north":{"uv":[10.400001,13.400001,11.0,14.8],"tintindex":0,"rotation":0,"texture":"#0"},"west":{"uv":[12.2,13.400001,12.8,14.8],"tintindex":0,"rotation":0,"texture":"#0"},"up":{"uv":[14.2,12.0,13.6,11.400001],"tintindex":0,"rotation":0,"texture":"#0"},"down":{"uv":[1.4,13.8,0.8,14.400001],"tintindex":0,"rotation":0,"texture":"#0"}}},{"from":[-2.0170364,-3.0,-12.048254],"to":[-2.0170364,3.0,-5.048254],"faces":{"east":{"uv":[11.400001,12.2,12.8,13.400001],"tintindex":0,"rotation":0,"texture":"#0"},"west":{"uv":[0.0,12.6,1.4,13.8],"tintindex":0,"rotation":0,"texture":"#0"}},"rotation":{"origin":[-30.301796,4.5625,26.442505],"angle":-22.5,"axis":"y"}},{"from":[12.319431,-3.1000004,16.607756],"to":[12.319431,2.9,23.607756],"faces":{"east":{"uv":[1.4,12.6,2.8,13.8],"tintindex":0,"rotation":0,"texture":"#0"},"west":{"uv":[12.8,7.8,14.2,9.0],"tintindex":0,"rotation":0,"texture":"#0"}},"rotation":{"origin":[-30.301796,4.5625,26.142504],"angle":22.5,"axis":"y"}},{"from":[7.9829645,-2.6999998,8.251745],"to":[7.9829645,3.3000002,15.251745],"faces":{"east":{"uv":[12.8,9.0,14.2,10.2],"tintindex":0,"rotation":0,"texture":"#0"},"west":{"uv":[12.8,12.0,14.2,13.2],"tintindex":0,"rotation":0,"texture":"#0"}}}],"display":{"gui":{"rotation":[30,225,0]}}}