{"textures":{"0":"modelengine:entity/forest_element_pet"},"elements":[{"from":[8.083166,-8.213926,6.1775174],"to":[8.083166,3.2860737,11.677517],"faces":{"east":{"uv":[7.8,0.0,10.0,4.6],"tintindex":0,"rotation":0,"texture":"#0"},"west":{"uv":[7.8,4.6,10.0,9.2],"tintindex":0,"rotation":0,"texture":"#0"}}},{"from":[8.083166,3.2860737,10.177517],"to":[8.083166,8.286074,11.677517],"faces":{"east":{"uv":[2.8,13.2,3.4,15.2],"tintindex":0,"rotation":0,"texture":"#0"},"west":{"uv":[3.4,13.2,4.0,15.2],"tintindex":0,"rotation":0,"texture":"#0"}}},{"from":[7.583667,3.2860737,6.1775174],"to":[8.083667,8.286074,10.177517],"faces":{"east":{"uv":[10.0,4.0,11.6,6.0],"tintindex":0,"rotation":0,"texture":"#0"},"south":{"uv":[0.6,13.8,0.8,15.8],"tintindex":0,"rotation":0,"texture":"#0"},"north":{"uv":[0.4,13.8,0.6,15.8],"tintindex":0,"rotation":0,"texture":"#0"},"west":{"uv":[10.0,6.0,11.6,8.0],"tintindex":0,"rotation":0,"texture":"#0"},"up":{"uv":[2.0,15.400001,1.8000001,13.8],"tintindex":0,"rotation":0,"texture":"#0"},"down":{"uv":[2.2,13.8,2.0,15.400001],"tintindex":0,"rotation":0,"texture":"#0"}}}],"display":{"gui":{"rotation":[30,225,0]}}}