{"textures":{"0":"modelengine:entity/mf_deceptor"},"elements":[{"from":[4.5,5.0,8.0],"to":[11.5,11.0,8.0],"faces":{"south":{"uv":[14.428572,6.071429,14.928572,6.5000005],"tintindex":0,"rotation":0,"texture":"#0"},"north":{"uv":[14.428572,5.6428576,14.928572,6.071429],"tintindex":0,"rotation":0,"texture":"#0"}}}],"display":{"gui":{"rotation":[30,225,0]}}}