{"textures":{"0":"modelengine:entity/mf_deceptor"},"elements":[{"from":[4.5,5.0,8.0],"to":[11.5,11.0,8.0],"faces":{"south":{"uv":[14.428572,5.214286,14.928572,5.6428576],"tintindex":0,"rotation":0,"texture":"#0"},"north":{"uv":[13.357143,14.357143,13.857143,14.785715],"tintindex":0,"rotation":0,"texture":"#0"}}}],"display":{"gui":{"rotation":[30,225,0]}}}