{"textures":{"0":"modelengine:entity/mf_deceptor"},"elements":[{"from":[4.5,5.0,8.0],"to":[11.5,11.0,8.0],"faces":{"south":{"uv":[4.214286,14.357143,4.714286,14.785715],"tintindex":0,"rotation":0,"texture":"#0"},"north":{"uv":[14.214287,2.6428573,14.714287,3.0714288],"tintindex":0,"rotation":0,"texture":"#0"}}}],"display":{"gui":{"rotation":[30,225,0]}}}