{"textures":{"0":"modelengine:entity/mf_deceptor"},"elements":[{"from":[5.0,8.25,5.0],"to":[11.0,9.25,11.0],"faces":{"east":{"uv":[12.000001,10.285715,12.428572,10.357143],"tintindex":0,"rotation":0,"texture":"#0"},"south":{"uv":[9.714286,12.142858,10.142858,12.214286],"tintindex":0,"rotation":0,"texture":"#0"},"north":{"uv":[11.571429,10.285715,12.000001,10.357143],"tintindex":0,"rotation":0,"texture":"#0"},"west":{"uv":[10.142858,12.142858,10.571429,12.214286],"tintindex":0,"rotation":0,"texture":"#0"},"up":{"uv":[5.1428576,14.785715,4.714286,14.357143],"tintindex":0,"rotation":0,"texture":"#0"},"down":{"uv":[14.857143,9.357143,14.428572,9.785715],"tintindex":0,"rotation":0,"texture":"#0"}}},{"from":[6.1,5.6500015,3.5],"to":[16.1,21.650002,3.5],"faces":{"south":{"uv":[7.8571434,13.785715,8.571429,14.928572],"tintindex":0,"rotation":0,"texture":"#0"},"north":{"uv":[12.500001,6.5000005,13.214286,7.6428576],"tintindex":0,"rotation":0,"texture":"#0"}},"rotation":{"origin":[11.1,12.549999,3.5],"angle":22.5,"axis":"z"}},{"from":[-0.8500004,5.0,3.6],"to":[8.15,23.0,3.6],"faces":{"south":{"uv":[12.500001,10.785715,13.142858,12.071429],"tintindex":0,"rotation":0,"texture":"#0"},"north":{"uv":[6.6428576,8.571429,7.2857146,9.857143],"tintindex":0,"rotation":0,"texture":"#0"}}},{"from":[3.5,9.25,4.0],"to":[12.5,17.25,12.0],"faces":{"east":{"uv":[3.5714288,11.214286,4.1428576,11.785715],"tintindex":0,"rotation":0,"texture":"#0"},"south":{"uv":[10.928572,7.714286,11.571429,8.285715],"tintindex":0,"rotation":0,"texture":"#0"},"north":{"uv":[10.285715,7.714286,10.928572,8.285715],"tintindex":0,"rotation":0,"texture":"#0"},"west":{"uv":[3.5714288,11.785715,4.1428576,12.357143],"tintindex":0,"rotation":0,"texture":"#0"},"up":{"uv":[6.6428576,11.857143,6.0000005,11.285715],"tintindex":0,"rotation":0,"texture":"#0"},"down":{"uv":[13.357143,13.857143,12.714286,14.428572],"tintindex":0,"rotation":0,"texture":"#0"}}}],"display":{"gui":{"rotation":[30,225,0]}}}