{"textures":{"0":"modelengine:entity/mf_deceptor"},"elements":[{"from":[2.0535412,-4.5,-9.423664],"to":[2.0535412,20.5,8.576336],"faces":{"east":{"uv":[13.357143,6.5000005,14.642858,8.285715],"tintindex":0,"rotation":0,"texture":"#0"},"west":{"uv":[13.428572,10.785715,14.714287,12.571429],"tintindex":0,"rotation":0,"texture":"#0"}},"rotation":{"origin":[8.053541,10.5,-0.4236641],"angle":45.0,"axis":"y"}}],"display":{"gui":{"rotation":[30,225,0]}}}