{"textures":{"0":"modelengine:entity/mf_deceptor"},"elements":[{"from":[-4.625,-1.75,8.0],"to":[9.875,12.75,8.0],"faces":{"south":{"uv":[10.285715,4.1428576,12.357143,6.214286],"tintindex":0,"rotation":0,"texture":"#0"},"north":{"uv":[10.285715,2.0714288,12.357143,4.1428576],"tintindex":0,"rotation":0,"texture":"#0"}}}],"display":{"gui":{"rotation":[30,225,0]}}}