{"textures":{"0":"modelengine:entity/mf_deceptor"},"elements":[{"from":[-9.7093315,-6.5,9.94762],"to":[10.2906685,13.5,9.94762],"faces":{"south":{"uv":[7.4285717,0.0,10.285715,2.857143],"tintindex":0,"rotation":0,"texture":"#0"},"north":{"uv":[4.571429,5.714286,7.4285717,8.571429],"tintindex":0,"rotation":0,"texture":"#0"}},"rotation":{"origin":[3.0406685,0.75,9.94762],"angle":22.5,"axis":"y"}}],"display":{"gui":{"rotation":[30,225,0]}}}