{"textures":{"0":"modelengine:entity/mf_deceptor"},"elements":[{"from":[13.946459,-4.5,-9.423664],"to":[13.946459,20.5,8.576336],"faces":{"east":{"uv":[1.7857144,13.000001,3.0714288,14.785715],"tintindex":0,"rotation":0,"texture":"#0"},"west":{"uv":[0.0,13.071429,1.2857144,14.857143],"tintindex":0,"rotation":0,"texture":"#0"}},"rotation":{"origin":[7.946459,10.5,-0.4236641],"angle":-45.0,"axis":"y"}}],"display":{"gui":{"rotation":[30,225,0]}}}