{"textures":{"0":"modelengine:entity/mf_deceptor"},"elements":[{"from":[-1.5,7.5,0.0],"to":[2.5,11.5,4.0],"faces":{"east":{"uv":[14.428572,10.428572,14.714287,10.714286],"tintindex":0,"rotation":0,"texture":"#0"},"south":{"uv":[12.714286,14.428572,13.000001,14.714287],"tintindex":0,"rotation":0,"texture":"#0"},"north":{"uv":[14.428572,10.142858,14.714287,10.428572],"tintindex":0,"rotation":0,"texture":"#0"},"west":{"uv":[13.000001,14.428572,13.285715,14.714287],"tintindex":0,"rotation":0,"texture":"#0"},"up":{"uv":[14.142858,14.714287,13.857143,14.428572],"tintindex":0,"rotation":0,"texture":"#0"},"down":{"uv":[14.428572,14.428572,14.142858,14.714287],"tintindex":0,"rotation":0,"texture":"#0"}}},{"from":[1.5,-0.5,-3.0],"to":[14.5,10.5,7.0],"faces":{"east":{"uv":[5.1428576,12.428572,5.857143,13.214286],"tintindex":0,"rotation":0,"texture":"#0"},"south":{"uv":[8.571429,13.785715,9.5,14.571429],"tintindex":0,"rotation":0,"texture":"#0"},"north":{"uv":[11.571429,9.5,12.500001,10.285715],"tintindex":0,"rotation":0,"texture":"#0"},"west":{"uv":[11.357143,13.857143,12.071429,14.642858],"tintindex":0,"rotation":0,"texture":"#0"},"up":{"uv":[10.428572,14.571429,9.5,13.857143],"tintindex":0,"rotation":0,"texture":"#0"},"down":{"uv":[11.357143,13.857143,10.428572,14.571429],"tintindex":0,"rotation":0,"texture":"#0"}}},{"from":[13.5,7.5,0.0],"to":[17.5,11.5,4.0],"faces":{"east":{"uv":[13.142858,11.571429,13.428572,11.857143],"tintindex":0,"rotation":0,"texture":"#0"},"south":{"uv":[13.142858,11.857143,13.428572,12.142858],"tintindex":0,"rotation":0,"texture":"#0"},"north":{"uv":[8.428572,11.857143,8.714286,12.142858],"tintindex":0,"rotation":0,"texture":"#0"},"west":{"uv":[5.1428576,13.214286,5.4285717,13.500001],"tintindex":0,"rotation":0,"texture":"#0"},"up":{"uv":[5.714286,13.500001,5.4285717,13.214286],"tintindex":0,"rotation":0,"texture":"#0"},"down":{"uv":[6.0000005,13.214286,5.714286,13.500001],"tintindex":0,"rotation":0,"texture":"#0"}}}],"display":{"gui":{"rotation":[30,225,0]}}}