{"textures":{"0":"modelengine:entity/mf_deceptor"},"elements":[{"from":[2.75,2.0433044,2.8433695],"to":[13.25,7.0433044,2.8433695],"faces":{"south":{"uv":[14.214287,1.4285715,15.000001,1.7857144],"tintindex":0,"rotation":0,"texture":"#0"},"north":{"uv":[14.214287,1.0714287,15.000001,1.4285715],"tintindex":0,"rotation":0,"texture":"#0"}}},{"from":[3.0,7.5,5.166667],"to":[13.0,14.5,11.916667],"faces":{"east":{"uv":[3.0714288,13.000001,3.5714288,13.500001],"tintindex":0,"rotation":0,"texture":"#0"},"south":{"uv":[13.357143,13.857143,14.071429,14.357143],"tintindex":0,"rotation":0,"texture":"#0"},"north":{"uv":[6.6428576,9.857143,7.3571434,10.357143],"tintindex":0,"rotation":0,"texture":"#0"},"west":{"uv":[1.2857144,13.071429,1.7857144,13.571429],"tintindex":0,"rotation":0,"texture":"#0"},"up":{"uv":[14.642858,3.7857144,13.928572,3.2857144],"tintindex":0,"rotation":0,"texture":"#0"},"down":{"uv":[14.642858,3.7857144,13.928572,4.2857146],"tintindex":0,"rotation":0,"texture":"#0"}}},{"from":[2.75,7.771652,1.5050178],"to":[13.25,12.771652,6.505018],"faces":{"east":{"uv":[4.1428576,10.285715,4.5,10.642858],"tintindex":0,"rotation":0,"texture":"#0"},"south":{"uv":[14.214287,0.0,15.000001,0.35714287],"tintindex":0,"rotation":0,"texture":"#0"},"north":{"uv":[13.928572,4.857143,14.714287,5.214286],"tintindex":0,"rotation":0,"texture":"#0"},"west":{"uv":[14.428572,9.785715,14.785715,10.142858],"tintindex":0,"rotation":0,"texture":"#0"},"up":{"uv":[15.000001,0.71428573,14.214287,0.35714287],"tintindex":0,"rotation":0,"texture":"#0"},"down":{"uv":[15.000001,0.71428573,14.214287,1.0714287],"tintindex":0,"rotation":0,"texture":"#0"}},"rotation":{"origin":[8.0,10.771652,4.005018],"angle":-22.5,"axis":"x"}}],"display":{"gui":{"rotation":[30,225,0]}}}