{"textures":{"0":"modelengine:entity/mf_deceptor"},"elements":[{"from":[6.0,-1.5,6.0],"to":[10.0,9.5,10.0],"faces":{"east":{"uv":[3.357143,14.357143,3.6428573,15.142858],"tintindex":0,"rotation":0,"texture":"#0"},"south":{"uv":[3.6428573,14.357143,3.9285717,15.142858],"tintindex":0,"rotation":0,"texture":"#0"},"north":{"uv":[1.2857144,14.357143,1.5714287,15.142858],"tintindex":0,"rotation":0,"texture":"#0"},"west":{"uv":[3.9285717,14.357143,4.214286,15.142858],"tintindex":0,"rotation":0,"texture":"#0"},"up":{"uv":[14.714287,14.714287,14.428572,14.428572],"tintindex":0,"rotation":0,"texture":"#0"},"down":{"uv":[14.785715,4.2857146,14.500001,4.571429],"tintindex":0,"rotation":0,"texture":"#0"}}}],"display":{"gui":{"rotation":[30,225,0]}}}