{"textures":{"0":"modelengine:entity/mf_deceptor"},"elements":[{"from":[-8.25,-3.4726105,-6.146475],"to":[16.75,21.52739,19.853525],"faces":{"east":{"uv":[8.857143,10.357143,10.714286,12.142858],"tintindex":0,"rotation":0,"texture":"#0"},"south":{"uv":[11.571429,7.714286,13.357143,9.5],"tintindex":0,"rotation":0,"texture":"#0"},"north":{"uv":[1.7857144,11.214286,3.5714288,13.000001],"tintindex":0,"rotation":0,"texture":"#0"},"west":{"uv":[4.1428576,10.642858,6.0000005,12.428572],"tintindex":0,"rotation":0,"texture":"#0"},"up":{"uv":[12.500001,12.214286,10.714286,10.357143],"tintindex":0,"rotation":0,"texture":"#0"},"down":{"uv":[1.7857144,11.214286,0.0,13.071429],"tintindex":0,"rotation":0,"texture":"#0"}},"rotation":{"origin":[5.75,18.52739,2.3535252],"angle":-22.5,"axis":"x"}}],"display":{"gui":{"rotation":[30,225,0]}}}