{"textures":{"0":"modelengine:entity/mf_deceptor"},"elements":[{"from":[5.7093315,-6.5,9.94762],"to":[25.709332,13.5,9.94762],"faces":{"south":{"uv":[4.571429,2.857143,7.4285717,5.714286],"tintindex":0,"rotation":0,"texture":"#0"},"north":{"uv":[4.571429,0.0,7.4285717,2.857143],"tintindex":0,"rotation":0,"texture":"#0"}},"rotation":{"origin":[12.9593315,0.75,9.94762],"angle":-22.5,"axis":"y"}}],"display":{"gui":{"rotation":[30,225,0]}}}