{"textures":{"0":"modelengine:entity/mf_deceptor"},"elements":[{"from":[6.0,-1.5,6.0],"to":[10.0,9.5,10.0],"faces":{"east":{"uv":[3.0714288,13.500001,3.357143,14.285715],"tintindex":0,"rotation":0,"texture":"#0"},"south":{"uv":[1.2857144,13.571429,1.5714287,14.357143],"tintindex":0,"rotation":0,"texture":"#0"},"north":{"uv":[13.142858,10.785715,13.428572,11.571429],"tintindex":0,"rotation":0,"texture":"#0"},"west":{"uv":[3.0714288,14.285715,3.357143,15.071429],"tintindex":0,"rotation":0,"texture":"#0"},"up":{"uv":[8.142858,12.142858,7.8571434,11.857143],"tintindex":0,"rotation":0,"texture":"#0"},"down":{"uv":[8.428572,11.857143,8.142858,12.142858],"tintindex":0,"rotation":0,"texture":"#0"}}}],"display":{"gui":{"rotation":[30,225,0]}}}