{"textures":{"0":"modelengine:entity/mf_deceptor"},"elements":[{"from":[-3.0,-1.0,-5.5],"to":[19.0,17.0,21.5],"faces":{"east":{"uv":[12.500001,5.214286,14.428572,6.5000005],"tintindex":0,"rotation":0,"texture":"#0"},"south":{"uv":[5.1428576,13.500001,6.714286,14.785715],"tintindex":0,"rotation":0,"texture":"#0"},"north":{"uv":[13.428572,12.571429,15.000001,13.857143],"tintindex":0,"rotation":0,"texture":"#0"},"west":{"uv":[12.500001,9.5,14.428572,10.785715],"tintindex":0,"rotation":0,"texture":"#0"},"up":{"uv":[13.928572,5.214286,12.357143,3.2857144],"tintindex":0,"rotation":0,"texture":"#0"},"down":{"uv":[5.1428576,12.428572,3.5714288,14.357143],"tintindex":0,"rotation":0,"texture":"#0"}}}],"display":{"gui":{"rotation":[30,225,0]}}}