{"textures":{"0":"modelengine:entity/mf_deceptor"},"elements":[{"from":[4.0,9.0,5.0],"to":[12.0,17.0,11.0],"faces":{"east":{"uv":[4.1428576,9.142858,4.571429,9.714286],"tintindex":0,"rotation":0,"texture":"#0"},"south":{"uv":[14.071429,13.857143,14.642858,14.428572],"tintindex":0,"rotation":0,"texture":"#0"},"north":{"uv":[13.928572,4.2857146,14.500001,4.857143],"tintindex":0,"rotation":0,"texture":"#0"},"west":{"uv":[4.1428576,9.714286,4.571429,10.285715],"tintindex":0,"rotation":0,"texture":"#0"},"up":{"uv":[14.785715,2.2142859,14.214287,1.7857144],"tintindex":0,"rotation":0,"texture":"#0"},"down":{"uv":[14.785715,2.2142859,14.214287,2.6428573],"tintindex":0,"rotation":0,"texture":"#0"}}}],"display":{"gui":{"rotation":[30,225,0]}}}