{"textures":{"0":"modelengine:entity/shadow_knight"},"elements":[{"from":[5.5086584,0.9146452,4.8726134],"to":[9.508658,6.914646,10.872614],"faces":{"east":{"uv":[8.75,2.75,9.5,3.5],"tintindex":0,"rotation":0,"texture":"#0"},"south":{"uv":[2.75,9.5,3.25,10.25],"tintindex":0,"rotation":0,"texture":"#0"},"north":{"uv":[1.25,4.5,1.75,5.25],"tintindex":0,"rotation":0,"texture":"#0"},"west":{"uv":[5.0,8.75,5.75,9.5],"tintindex":0,"rotation":0,"texture":"#0"},"up":{"uv":[10.125,3.5,9.625,2.75],"tintindex":0,"rotation":0,"texture":"#0"},"down":{"uv":[10.125,4.125,9.625,4.875],"tintindex":0,"rotation":0,"texture":"#0"}}},{"from":[6.4653673,-1.0853548,0.06291485],"to":[6.4653673,8.914646,5.062915],"faces":{"east":{"uv":[5.625,6.125,5.0,7.375],"tintindex":0,"rotation":0,"texture":"#0"},"west":{"uv":[5.0,6.125,5.625,7.375],"tintindex":0,"rotation":0,"texture":"#0"}},"rotation":{"origin":[6.4653673,1.9146461,2.5629148],"angle":-22.5,"axis":"y"}},{"from":[3.2115173,-1.0853548,12.324105],"to":[3.2115173,8.914646,17.324104],"faces":{"east":{"uv":[5.0,6.125,5.625,7.375],"tintindex":0,"rotation":0,"texture":"#0"},"west":{"uv":[5.625,6.125,5.0,7.375],"tintindex":0,"rotation":0,"texture":"#0"}},"rotation":{"origin":[0.7115164,1.9146461,5.8241053],"angle":22.5,"axis":"y"}},{"from":[6.0086584,-0.085354805,5.372614],"to":[11.008658,7.914646,10.372614],"faces":{"east":{"uv":[6.875,7.625,7.5,8.625],"tintindex":0,"rotation":0,"texture":"#0"},"south":{"uv":[7.625,6.5,8.25,7.5],"tintindex":0,"rotation":0,"texture":"#0"},"north":{"uv":[7.625,6.5,8.25,7.5],"tintindex":0,"rotation":0,"texture":"#0"},"west":{"uv":[6.875,7.625,7.5,8.625],"tintindex":0,"rotation":0,"texture":"#0"},"up":{"uv":[9.0,10.0,8.375,9.375],"tintindex":0,"rotation":0,"texture":"#0"},"down":{"uv":[9.0,10.0,8.375,9.375],"tintindex":0,"rotation":0,"texture":"#0"}}}],"display":{"gui":{"rotation":[30,225,0]}}}