{"textures":{"0":"modelengine:entity/shadow_knight"},"elements":[{"from":[6.4913416,0.9146452,4.8726134],"to":[10.491342,6.914646,10.872614],"faces":{"east":{"uv":[5.75,8.75,5.0,9.5],"tintindex":0,"rotation":0,"texture":"#0"},"south":{"uv":[3.25,9.5,2.75,10.25],"tintindex":0,"rotation":0,"texture":"#0"},"north":{"uv":[1.75,4.5,1.25,5.25],"tintindex":0,"rotation":0,"texture":"#0"},"west":{"uv":[9.5,2.75,8.75,3.5],"tintindex":0,"rotation":0,"texture":"#0"},"up":{"uv":[9.625,3.5,10.125,2.75],"tintindex":0,"rotation":0,"texture":"#0"},"down":{"uv":[9.625,4.125,10.125,4.875],"tintindex":0,"rotation":0,"texture":"#0"}}},{"from":[9.534633,-1.0853548,0.06291485],"to":[9.534633,8.914646,5.062915],"faces":{"east":{"uv":[5.625,6.125,5.0,7.375],"tintindex":0,"rotation":0,"texture":"#0"},"west":{"uv":[5.0,6.125,5.625,7.375],"tintindex":0,"rotation":0,"texture":"#0"}},"rotation":{"origin":[9.534633,1.9146461,2.5629148],"angle":22.5,"axis":"y"}},{"from":[12.788483,-1.0853548,12.324105],"to":[12.788483,8.914646,17.324104],"faces":{"east":{"uv":[5.0,6.125,5.625,7.375],"tintindex":0,"rotation":0,"texture":"#0"},"west":{"uv":[5.625,6.125,5.0,7.375],"tintindex":0,"rotation":0,"texture":"#0"}},"rotation":{"origin":[15.288484,1.9146461,5.8241053],"angle":-22.5,"axis":"y"}},{"from":[4.9913416,-0.085354805,5.372614],"to":[9.991342,7.914646,10.372614],"faces":{"east":{"uv":[7.5,7.625,6.875,8.625],"tintindex":0,"rotation":0,"texture":"#0"},"south":{"uv":[8.25,6.5,7.625,7.5],"tintindex":0,"rotation":0,"texture":"#0"},"north":{"uv":[8.25,6.5,7.625,7.5],"tintindex":0,"rotation":0,"texture":"#0"},"west":{"uv":[7.5,7.625,6.875,8.625],"tintindex":0,"rotation":0,"texture":"#0"},"up":{"uv":[8.375,10.0,9.0,9.375],"tintindex":0,"rotation":0,"texture":"#0"},"down":{"uv":[8.375,10.0,9.0,9.375],"tintindex":0,"rotation":0,"texture":"#0"}}}],"display":{"gui":{"rotation":[30,225,0]}}}