{"textures":{"0":"modelengine:entity/nightharrow_wendigo_ghost_texture"},"elements":[{"from":[1.5154366,17.583038,10.032091],"to":[3.5154366,26.583035,12.032091],"faces":{"east":{"uv":[6.6875,7.9375,6.8125,8.5],"tintindex":0,"rotation":0,"texture":"#0"},"south":{"uv":[6.875,7.9375,7.0,8.5],"tintindex":0,"rotation":0,"texture":"#0"},"north":{"uv":[4.4375,5.125,4.5625,5.6875],"tintindex":0,"rotation":0,"texture":"#0"},"west":{"uv":[0.5625,8.0,0.6875,8.5625],"tintindex":0,"rotation":0,"texture":"#0"},"up":{"uv":[5.9375,9.25,5.8125,9.125],"tintindex":0,"rotation":0,"texture":"#0"},"down":{"uv":[9.25,5.9375,9.125,6.0625],"tintindex":0,"rotation":0,"texture":"#0"}},"rotation":{"origin":[1.5154366,23.583038,11.032091],"angle":22.5,"axis":"z"}},{"from":[17.112438,17.961716,3.3545275],"to":[19.112438,23.961716,5.3545265],"faces":{"east":{"uv":[2.375,8.8125,2.25,9.1875],"tintindex":0,"rotation":0,"texture":"#0"},"south":{"uv":[8.9375,1.6875,8.8125,2.0625],"tintindex":0,"rotation":0,"texture":"#0"},"north":{"uv":[1.875,8.6875,1.75,9.0625],"tintindex":0,"rotation":0,"texture":"#0"},"west":{"uv":[5.75,8.75,5.625,9.125],"tintindex":0,"rotation":0,"texture":"#0"},"up":{"uv":[3.5625,9.25,3.6875,9.125],"tintindex":0,"rotation":0,"texture":"#0"},"down":{"uv":[5.375,9.125,5.5,9.25],"tintindex":0,"rotation":0,"texture":"#0"}},"rotation":{"origin":[14.112438,21.461716,-1.1454725],"angle":-45.0,"axis":"z"}},{"from":[4.081704,3.940979,-2.6176825],"to":[12.081704,13.940979,8.382318],"faces":{"east":{"uv":[3.3125,3.6875,4.0,4.3125],"tintindex":0,"rotation":0,"texture":"#0"},"south":{"uv":[0.5625,5.3125,1.0625,5.9375],"tintindex":0,"rotation":0,"texture":"#0"},"north":{"uv":[5.25,0.0,5.75,0.625],"tintindex":0,"rotation":0,"texture":"#0"},"west":{"uv":[1.0,3.8125,1.6875,4.4375],"tintindex":0,"rotation":0,"texture":"#0"},"up":{"uv":[3.1875,5.875,2.6875,5.1875],"tintindex":0,"rotation":0,"texture":"#0"},"down":{"uv":[3.75,5.1875,3.25,5.875],"tintindex":0,"rotation":0,"texture":"#0"}}},{"from":[1.0509706,17.840397,1.2540216],"to":[3.0509706,25.840397,5.2540216],"faces":{"east":{"uv":[5.3125,5.75,5.5625,6.25],"tintindex":0,"rotation":0,"texture":"#0"},"south":{"uv":[0.9375,8.1875,1.0625,8.6875],"tintindex":0,"rotation":0,"texture":"#0"},"north":{"uv":[0.75,8.1875,0.875,8.6875],"tintindex":0,"rotation":0,"texture":"#0"},"west":{"uv":[3.0625,7.3125,3.3125,7.8125],"tintindex":0,"rotation":0,"texture":"#0"},"up":{"uv":[5.125,9.125,5.0,8.875],"tintindex":0,"rotation":0,"texture":"#0"},"down":{"uv":[9.125,1.6875,9.0,1.9375],"tintindex":0,"rotation":0,"texture":"#0"}},"rotation":{"origin":[2.5509706,19.340397,8.754022],"angle":-45.0,"axis":"x"}},{"from":[19.105062,16.358059,6.17599],"to":[22.105062,22.358059,8.17599],"faces":{"east":{"uv":[2.9375,8.8125,2.8125,9.1875],"tintindex":0,"rotation":0,"texture":"#0"},"south":{"uv":[4.25,8.0,4.0625,8.375],"tintindex":0,"rotation":0,"texture":"#0"},"north":{"uv":[1.625,8.0,1.4375,8.375],"tintindex":0,"rotation":0,"texture":"#0"},"west":{"uv":[8.9375,2.4375,8.8125,2.8125],"tintindex":0,"rotation":0,"texture":"#0"},"up":{"uv":[9.0625,0.875,9.25,0.75],"tintindex":0,"rotation":0,"texture":"#0"},"down":{"uv":[9.0625,0.9375,9.25,1.0625],"tintindex":0,"rotation":0,"texture":"#0"}},"rotation":{"origin":[22.105062,19.358059,7.17599],"angle":-22.5,"axis":"z"}},{"from":[12.647972,17.583038,10.032091],"to":[14.647972,26.583035,12.032091],"faces":{"east":{"uv":[0.6875,8.0,0.5625,8.5625],"tintindex":0,"rotation":0,"texture":"#0"},"south":{"uv":[7.0,7.9375,6.875,8.5],"tintindex":0,"rotation":0,"texture":"#0"},"north":{"uv":[4.5625,5.125,4.4375,5.6875],"tintindex":0,"rotation":0,"texture":"#0"},"west":{"uv":[6.8125,7.9375,6.6875,8.5],"tintindex":0,"rotation":0,"texture":"#0"},"up":{"uv":[5.8125,9.25,5.9375,9.125],"tintindex":0,"rotation":0,"texture":"#0"},"down":{"uv":[9.125,5.9375,9.25,6.0625],"tintindex":0,"rotation":0,"texture":"#0"}},"rotation":{"origin":[14.647972,23.583038,11.032091],"angle":-22.5,"axis":"z"}},{"from":[20.540596,21.893593,6.2009897],"to":[28.540598,24.893593,8.20099],"faces":{"east":{"uv":[9.1875,1.125,9.0625,1.3125],"tintindex":0,"rotation":0,"texture":"#0"},"south":{"uv":[8.375,2.625,7.875,2.8125],"tintindex":0,"rotation":0,"texture":"#0"},"north":{"uv":[8.25,0.625,7.75,0.8125],"tintindex":0,"rotation":0,"texture":"#0"},"west":{"uv":[7.0,9.0,6.875,9.1875],"tintindex":0,"rotation":0,"texture":"#0"},"up":{"uv":[2.875,8.3125,3.375,8.1875],"tintindex":0,"rotation":0,"texture":"#0"},"down":{"uv":[1.6875,8.25,2.1875,8.375],"tintindex":0,"rotation":0,"texture":"#0"}},"rotation":{"origin":[27.217186,24.855713,7.4461746],"angle":22.5,"axis":"z"}},{"from":[27.075943,23.782227,7.1913595],"to":[29.075943,31.782223,8.1913595],"faces":{"east":{"uv":[3.875,5.1875,3.8125,5.6875],"tintindex":0,"rotation":0,"texture":"#0"},"south":{"uv":[7.6875,8.1875,7.5625,8.6875],"tintindex":0,"rotation":0,"texture":"#0"},"north":{"uv":[1.25,8.1875,1.125,8.6875],"tintindex":0,"rotation":0,"texture":"#0"},"west":{"uv":[4.0,4.375,3.9375,4.875],"tintindex":0,"rotation":0,"texture":"#0"},"up":{"uv":[1.125,9.25,1.25,9.1875],"tintindex":0,"rotation":0,"texture":"#0"},"down":{"uv":[1.3125,9.1875,1.4375,9.25],"tintindex":0,"rotation":0,"texture":"#0"}},"rotation":{"origin":[27.217186,24.855713,7.4461746],"angle":-22.5,"axis":"z"}},{"from":[4.581704,4.440979,-2.1176825],"to":[11.581704,13.440979,7.8823175],"faces":{"east":{"uv":[4.875,3.6875,5.5,4.25],"tintindex":0,"rotation":0,"texture":"#0"},"south":{"uv":[3.625,6.0,4.0625,6.5625],"tintindex":0,"rotation":0,"texture":"#0"},"north":{"uv":[0.4375,6.0,0.875,6.5625],"tintindex":0,"rotation":0,"texture":"#0"},"west":{"uv":[5.0,1.125,5.625,1.6875],"tintindex":0,"rotation":0,"texture":"#0"},"up":{"uv":[2.4375,6.4375,2.0,5.8125],"tintindex":0,"rotation":0,"texture":"#0"},"down":{"uv":[1.875,5.875,1.4375,6.5],"tintindex":0,"rotation":0,"texture":"#0"}}},{"from":[10.581704,2.940979,-11.617683],"to":[10.581704,5.940979,-2.6176825],"faces":{"east":{"uv":[8.25,6.8125,7.6875,7.0],"tintindex":0,"rotation":0,"texture":"#0"},"west":{"uv":[4.875,7.6875,4.3125,7.875],"tintindex":0,"rotation":0,"texture":"#0"}}},{"from":[4.050971,17.840397,7.632596],"to":[6.0509706,23.840397,11.632595],"faces":{"east":{"uv":[7.5625,7.75,7.8125,8.125],"tintindex":0,"rotation":0,"texture":"#0"},"south":{"uv":[3.25,8.625,3.375,9.0],"tintindex":0,"rotation":0,"texture":"#0"},"north":{"uv":[6.875,8.5625,7.0,8.9375],"tintindex":0,"rotation":0,"texture":"#0"},"west":{"uv":[2.125,7.8125,2.375,8.1875],"tintindex":0,"rotation":0,"texture":"#0"},"up":{"uv":[6.0,4.625,5.875,4.375],"tintindex":0,"rotation":0,"texture":"#0"},"down":{"uv":[3.0,7.625,2.875,7.875],"tintindex":0,"rotation":0,"texture":"#0"}},"rotation":{"origin":[5.5509706,19.340397,4.132596],"angle":45.0,"axis":"x"}},{"from":[13.112438,17.840397,1.2540216],"to":[15.112438,25.840397,5.2540216],"faces":{"east":{"uv":[3.3125,7.3125,3.0625,7.8125],"tintindex":0,"rotation":0,"texture":"#0"},"south":{"uv":[1.0625,8.1875,0.9375,8.6875],"tintindex":0,"rotation":0,"texture":"#0"},"north":{"uv":[0.875,8.1875,0.75,8.6875],"tintindex":0,"rotation":0,"texture":"#0"},"west":{"uv":[5.5625,5.75,5.3125,6.25],"tintindex":0,"rotation":0,"texture":"#0"},"up":{"uv":[5.0,9.125,5.125,8.875],"tintindex":0,"rotation":0,"texture":"#0"},"down":{"uv":[9.0,1.6875,9.125,1.9375],"tintindex":0,"rotation":0,"texture":"#0"}},"rotation":{"origin":[13.612438,19.340397,8.754022],"angle":-45.0,"axis":"x"}},{"from":[5.581704,2.940979,-11.617683],"to":[5.581704,5.940979,-2.6176825],"faces":{"east":{"uv":[4.3125,7.6875,4.875,7.875],"tintindex":0,"rotation":0,"texture":"#0"},"west":{"uv":[7.6875,6.8125,8.25,7.0],"tintindex":0,"rotation":0,"texture":"#0"}}},{"from":[-0.9845638,18.583038,0.8545275],"to":[1.0154366,28.583035,2.8545275],"faces":{"east":{"uv":[4.3125,7.9375,4.4375,8.5625],"tintindex":0,"rotation":0,"texture":"#0"},"south":{"uv":[4.5,7.9375,4.625,8.5625],"tintindex":0,"rotation":0,"texture":"#0"},"north":{"uv":[2.0,5.0,2.125,5.625],