{"textures":{"0":"modelengine:entity/nightharrow_wendigo_ghost_texture"},"elements":[{"from":[3.4718752,-1.1934052,1.0776219],"to":[9.471875,10.806595,9.077621],"faces":{"east":{"uv":[0.0,4.75,0.5,5.5],"tintindex":0,"rotation":0,"texture":"#0"},"south":{"uv":[4.875,5.75,5.25,6.5],"tintindex":0,"rotation":0,"texture":"#0"},"north":{"uv":[4.4375,5.75,4.8125,6.5],"tintindex":0,"rotation":0,"texture":"#0"},"west":{"uv":[4.8125,1.8125,5.3125,2.5625],"tintindex":0,"rotation":0,"texture":"#0"},"up":{"uv":[7.25,3.25,6.875,2.75],"tintindex":0,"rotation":0,"texture":"#0"},"down":{"uv":[7.25,5.4375,6.875,5.9375],"tintindex":0,"rotation":0,"texture":"#0"}},"rotation":{"origin":[6.971875,4.306595,5.827622],"angle":22.5,"axis":"x"}},{"from":[4.471875,-2.1934052,2.077622],"to":[10.471875,9.806595,11.077621],"faces":{"east":{"uv":[4.1875,1.8125,4.75,2.5625],"tintindex":0,"rotation":0,"texture":"#0"},"south":{"uv":[5.625,4.6875,6.0,5.4375],"tintindex":0,"rotation":0,"texture":"#0"},"north":{"uv":[5.625,4.6875,6.0,5.4375],"tintindex":0,"rotation":0,"texture":"#0"},"west":{"uv":[4.1875,1.8125,4.75,2.5625],"tintindex":0,"rotation":0,"texture":"#0"},"up":{"uv":[0.375,7.0,0.0,6.4375],"tintindex":0,"rotation":0,"texture":"#0"},"down":{"uv":[0.375,7.0,0.0,6.4375],"tintindex":0,"rotation":0,"texture":"#0"}},"rotation":{"origin":[6.971875,4.306595,5.827622],"angle":22.5,"axis":"x"}}],"display":{"gui":{"rotation":[30,225,0]}}}