{"textures":{"0":"modelengine:entity/zombie_brute_texture"},"elements":[{"from":[6.011342,3.488,-4.736825],"to":[9.851342,8.608,0.38317394],"faces":{"east":{"uv":[5.8125,9.0,5.5625,9.25],"tintindex":0,"rotation":0,"texture":"#0"},"south":{"uv":[0.5,9.0,0.3125,9.25],"tintindex":0,"rotation":0,"texture":"#0"},"north":{"uv":[7.0625,8.8125,6.875,9.0625],"tintindex":0,"rotation":0,"texture":"#0"},"west":{"uv":[5.5,9.0,5.25,9.25],"tintindex":0,"rotation":0,"texture":"#0"},"up":{"uv":[2.0625,9.375,2.25,9.125],"tintindex":0,"rotation":0,"texture":"#0"},"down":{"uv":[1.25,9.375,1.4375,9.625],"tintindex":0,"rotation":0,"texture":"#0"}}},{"from":[9.851342,3.52,-5.3768253],"to":[13.691342,8.639999,-0.25682545],"faces":{"east":{"uv":[5.8125,9.0,5.5625,9.25],"tintindex":0,"rotation":0,"texture":"#0"},"south":{"uv":[0.5,9.0,0.3125,9.25],"tintindex":0,"rotation":0,"texture":"#0"},"north":{"uv":[7.0625,8.8125,6.875,9.0625],"tintindex":0,"rotation":0,"texture":"#0"},"west":{"uv":[5.5,9.0,5.25,9.25],"tintindex":0,"rotation":0,"texture":"#0"},"up":{"uv":[2.0625,9.375,2.25,9.125],"tintindex":0,"rotation":0,"texture":"#0"},"down":{"uv":[1.25,9.375,1.4375,9.625],"tintindex":0,"rotation":0,"texture":"#0"}},"rotation":{"origin":[7.931342,6.08,-2.1768255],"angle":-22.5,"axis":"y"}},{"from":[3.0839567,3.52,-6.7386036],"to":[6.923957,8.639999,-1.6186037],"faces":{"east":{"uv":[5.8125,9.0,5.5625,9.25],"tintindex":0,"rotation":0,"texture":"#0"},"south":{"uv":[0.5,9.0,0.3125,9.25],"tintindex":0,"rotation":0,"texture":"#0"},"north":{"uv":[7.0625,8.8125,6.875,9.0625],"tintindex":0,"rotation":0,"texture":"#0"},"west":{"uv":[5.5,9.0,5.25,9.25],"tintindex":0,"rotation":0,"texture":"#0"},"up":{"uv":[2.0625,9.375,2.25,9.125],"tintindex":0,"rotation":0,"texture":"#0"},"down":{"uv":[1.25,9.375,1.4375,9.625],"tintindex":0,"rotation":0,"texture":"#0"}},"rotation":{"origin":[11.723957,6.08,-1.298604],"angle":22.5,"axis":"y"}},{"from":[3.4513416,3.552,0.38317394],"to":[12.411343,8.672,11.903174],"faces":{"east":{"uv":[4.1875,2.3125,4.75,2.5625],"tintindex":0,"rotation":0,"texture":"#0"},"south":{"uv":[6.875,2.25,6.4375,2.5],"tintindex":0,"rotation":0,"texture":"#0"},"north":{"uv":[4.0,5.1875,3.5625,5.4375],"tintindex":0,"rotation":0,"texture":"#0"},"west":{"uv":[4.75,2.3125,4.1875,2.5625],"tintindex":0,"rotation":0,"texture":"#0"},"up":{"uv":[0.875,3.5,1.3125,2.9375],"tintindex":0,"rotation":0,"texture":"#0"},"down":{"uv":[3.5625,4.5625,4.0,5.125],"tintindex":0,"rotation":0,"texture":"#0"}}}],"display":{"gui":{"rotation":[30,225,0]}}}