{"textures":{"0":"modelengine:entity/zombie_brute_texture"},"elements":[{"from":[4.6985416,-1.4438133,5.76],"to":[9.8185425,6.236186,10.88],"faces":{"east":{"uv":[9.1875,8.0625,8.9375,8.4375],"tintindex":0,"rotation":0,"texture":"#0"},"south":{"uv":[8.1875,8.9375,7.9375,9.3125],"tintindex":0,"rotation":0,"texture":"#0"},"north":{"uv":[7.875,8.9375,7.625,9.3125],"tintindex":0,"rotation":0,"texture":"#0"},"west":{"uv":[9.1875,7.625,8.9375,8.0],"tintindex":0,"rotation":0,"texture":"#0"},"up":{"uv":[1.375,2.75,1.625,2.5],"tintindex":0,"rotation":0,"texture":"#0"},"down":{"uv":[4.8125,2.3125,5.0625,2.5625],"tintindex":0,"rotation":0,"texture":"#0"}},"rotation":{"origin":[13.338543,4.316186,8.0],"angle":-22.5,"axis":"z"}},{"from":[9.8185425,-1.4438133,5.76],"to":[16.218544,2.3961859,9.6],"faces":{"east":{"uv":[8.75,9.5,8.5625,9.6875],"tintindex":0,"rotation":0,"texture":"#0"},"south":{"uv":[4.8125,3.4375,4.5,3.625],"tintindex":0,"rotation":0,"texture":"#0"},"north":{"uv":[4.4375,3.4375,4.125,3.625],"tintindex":0,"rotation":0,"texture":"#0"},"west":{"uv":[7.375,4.375,7.1875,4.5625],"tintindex":0,"rotation":0,"texture":"#0"},"up":{"uv":[4.875,3.625,5.1875,3.4375],"tintindex":0,"rotation":0,"texture":"#0"},"down":{"uv":[7.3125,6.625,7.625,6.8125],"tintindex":0,"rotation":0,"texture":"#0"}},"rotation":{"origin":[13.338543,4.316186,8.0],"angle":-22.5,"axis":"z"}}],"display":{"gui":{"rotation":[30,225,0]}}}