{"textures":{"0":"modelengine:entity/zombie_brute_texture"},"elements":[{"from":[0.8808403,-11.916853,0.26176548],"to":[12.400841,3.4431458,15.621765],"faces":{"east":{"uv":[2.5625,6.375,3.3125,7.125],"tintindex":0,"rotation":0,"texture":"#0"},"south":{"uv":[2.5,7.1875,3.0625,7.9375],"tintindex":0,"rotation":0,"texture":"#0"},"north":{"uv":[7.125,5.0,7.6875,5.75],"tintindex":0,"rotation":0,"texture":"#0"},"west":{"uv":[6.4375,1.4375,7.1875,2.1875],"tintindex":0,"rotation":0,"texture":"#0"},"up":{"uv":[7.8125,2.1875,7.25,1.4375],"tintindex":0,"rotation":0,"texture":"#0"},"down":{"uv":[4.6875,7.25,4.125,8.0],"tintindex":0,"rotation":0,"texture":"#0"}},"rotation":{"origin":[-9.701553,6.295288,3.801178],"angle":22.5,"axis":"z"}}],"display":{"gui":{"rotation":[30,225,0]}}}