{"textures":{"0":"modelengine:entity/zombie_brute_texture"},"elements":[{"from":[-3.342802,1.5045819,10.517333],"to":[3.0571976,5.344582,14.357333],"faces":{"east":{"uv":[7.1875,4.375,7.375,4.5625],"tintindex":0,"rotation":0,"texture":"#0"},"south":{"uv":[4.5,3.4375,4.8125,3.625],"tintindex":0,"rotation":0,"texture":"#0"},"north":{"uv":[4.125,3.4375,4.4375,3.625],"tintindex":0,"rotation":0,"texture":"#0"},"west":{"uv":[8.5625,9.5,8.75,9.6875],"tintindex":0,"rotation":0,"texture":"#0"},"up":{"uv":[5.1875,3.625,4.875,3.4375],"tintindex":0,"rotation":0,"texture":"#0"},"down":{"uv":[7.625,6.625,7.3125,6.8125],"tintindex":0,"rotation":0,"texture":"#0"}},"rotation":{"origin":[4.9771996,2.7845821,7.349333],"angle":-22.5,"axis":"z"}},{"from":[3.0571976,1.5045819,10.517333],"to":[8.1771965,9.184582,15.637333],"faces":{"east":{"uv":[8.9375,7.625,9.1875,8.0],"tintindex":0,"rotation":0,"texture":"#0"},"south":{"uv":[7.9375,8.9375,8.1875,9.3125],"tintindex":0,"rotation":0,"texture":"#0"},"north":{"uv":[7.625,8.9375,7.875,9.3125],"tintindex":0,"rotation":0,"texture":"#0"},"west":{"uv":[8.9375,8.0625,9.1875,8.4375],"tintindex":0,"rotation":0,"texture":"#0"},"up":{"uv":[1.625,2.75,1.375,2.5],"tintindex":0,"rotation":0,"texture":"#0"},"down":{"uv":[5.0625,2.3125,4.8125,2.5625],"tintindex":0,"rotation":0,"texture":"#0"}},"rotation":{"origin":[4.9771996,2.7845821,7.349333],"angle":-22.5,"axis":"z"}},{"from":[-3.342802,1.5045819,5.4613333],"to":[3.0571976,5.344582,9.301332],"faces":{"east":{"uv":[7.1875,4.375,7.375,4.5625],"tintindex":0,"rotation":0,"texture":"#0"},"south":{"uv":[4.5,3.4375,4.8125,3.625],"tintindex":0,"rotation":0,"texture":"#0"},"north":{"uv":[4.125,3.4375,4.4375,3.625],"tintindex":0,"rotation":0,"texture":"#0"},"west":{"uv":[8.5625,9.5,8.75,9.6875],"tintindex":0,"rotation":0,"texture":"#0"},"up":{"uv":[5.1875,3.625,4.875,3.4375],"tintindex":0,"rotation":0,"texture":"#0"},"down":{"uv":[7.625,6.625,7.3125,6.8125],"tintindex":0,"rotation":0,"texture":"#0"}},"rotation":{"origin":[4.9771996,2.7845821,7.349333],"angle":-22.5,"axis":"z"}},{"from":[3.0571976,1.5045819,5.4613333],"to":[8.1771965,9.184582,10.581333],"faces":{"east":{"uv":[8.9375,7.625,9.1875,8.0],"tintindex":0,"rotation":0,"texture":"#0"},"south":{"uv":[7.9375,8.9375,8.1875,9.3125],"tintindex":0,"rotation":0,"texture":"#0"},"north":{"uv":[7.625,8.9375,7.875,9.3125],"tintindex":0,"rotation":0,"texture":"#0"},"west":{"uv":[8.9375,8.0625,9.1875,8.4375],"tintindex":0,"rotation":0,"texture":"#0"},"up":{"uv":[1.625,2.75,1.375,2.5],"tintindex":0,"rotation":0,"texture":"#0"},"down":{"uv":[5.0625,2.3125,4.8125,2.5625],"tintindex":0,"rotation":0,"texture":"#0"}},"rotation":{"origin":[4.9771996,2.7845821,7.349333],"angle":-22.5,"axis":"z"}},{"from":[3.0571976,1.5045819,0.3413334],"to":[8.1771965,9.184582,5.4613333],"faces":{"east":{"uv":[8.9375,7.625,9.1875,8.0],"tintindex":0,"rotation":0,"texture":"#0"},"south":{"uv":[7.9375,8.9375,8.1875,9.3125],"tintindex":0,"rotation":0,"texture":"#0"},"north":{"uv":[7.625,8.9375,7.875,9.3125],"tintindex":0,"rotation":0,"texture":"#0"},"west":{"uv":[8.9375,8.0625,9.1875,8.4375],"tintindex":0,"rotation":0,"texture":"#0"},"up":{"uv":[1.625,2.75,1.375,2.5],"tintindex":0,"rotation":0,"texture":"#0"},"down":{"uv":[5.0625,2.3125,4.8125,2.5625],"tintindex":0,"rotation":0,"texture":"#0"}},"rotation":{"origin":[4.9771996,2.7845821,7.349333],"angle":-22.5,"axis":"z"}},{"from":[-3.342802,1.5045819,0.3413334],"to":[3.0571976,5.344582,4.1813335],"faces":{"east":{"uv":[7.1875,4.375,7.375,4.5625],"tintindex":0,"rotation":0,"texture":"#0"},"south":{"uv":[4.5,3.4375,4.8125,3.625],"tintindex":0,"rotation":0,"texture":"#0"},"north":{"uv":[4.125,3.4375,4.4375,3.625],"tintindex":0,"rotation":0,"texture":"#0"},"west":{"uv":[8.5625,9.5,8.75,9.6875],"tintindex":0,"rotation":0,"texture":"#0"},"up":{"uv":[5.1875,3.625,4.875,3.4375],"tintindex":0,"rotation":0,"texture":"#0"},"down":{"uv":[7.625,6.625,7.3125,6.8125],"tintindex":0,"rotation":0,"texture":"#0"}},"rotation":{"origin":[4.9771996,2.7845821,7.349333],"angle":-22.5,"axis":"z"}}],"display":{"gui":{"rotation":[30,225,0]}}}