{"textures":{"0":"modelengine:entity/zombie_brute_texture"},"elements":[{"from":[0.9604378,-15.993053,0.30719948],"to":[17.600437,9.606947,15.6672],"faces":{"east":{"uv":[3.375,1.3125,4.125,2.5625],"tintindex":0,"rotation":0,"texture":"#0"},"south":{"uv":[3.375,0.0,4.1875,1.25],"tintindex":0,"rotation":0,"texture":"#0"},"north":{"uv":[0.0,2.9375,0.8125,4.1875],"tintindex":0,"rotation":0,"texture":"#0"},"west":{"uv":[0.875,3.6875,1.625,4.9375],"tintindex":0,"rotation":0,"texture":"#0"},"up":{"uv":[6.8125,1.375,6.0,0.625],"tintindex":0,"rotation":0,"texture":"#0"},"down":{"uv":[6.625,6.0,5.8125,6.75],"tintindex":0,"rotation":0,"texture":"#0"}}},{"from":[3.5204372,-13.433052,-0.9728012],"to":[18.88044,5.766947,16.9472],"faces":{"east":{"uv":[4.0625,4.5,4.9375,5.4375],"tintindex":0,"rotation":0,"texture":"#0"},"south":{"uv":[5.0,5.4375,5.75,6.375],"tintindex":0,"rotation":0,"texture":"#0"},"north":{"uv":[5.25,3.4375,6.0,4.375],"tintindex":0,"rotation":0,"texture":"#0"},"west":{"uv":[1.6875,4.5625,2.5625,5.5],"tintindex":0,"rotation":0,"texture":"#0"},"up":{"uv":[4.25,6.375,3.5,5.5],"tintindex":0,"rotation":0,"texture":"#0"},"down":{"uv":[1.6875,5.5625,0.9375,6.4375],"tintindex":0,"rotation":0,"texture":"#0"}}}],"display":{"gui":{"rotation":[30,225,0]}}}