{"textures":{"0":"modelengine:entity/zombie_brute_texture"},"elements":[{"from":[-4.804138,4.8553886,-2.6417952],"to":[20.795862,16.37539,7.598205],"faces":{"east":{"uv":[4.3125,8.125,4.8125,8.6875],"tintindex":0,"rotation":0,"texture":"#0"},"south":{"uv":[5.1875,0.0,6.4375,0.5625],"tintindex":0,"rotation":0,"texture":"#0"},"north":{"uv":[5.125,1.9375,6.375,2.5],"tintindex":0,"rotation":0,"texture":"#0"},"west":{"uv":[6.5625,8.1875,7.0625,8.75],"tintindex":0,"rotation":0,"texture":"#0"},"up":{"uv":[7.0625,5.9375,5.8125,5.4375],"tintindex":0,"rotation":0,"texture":"#0"},"down":{"uv":[7.125,4.4375,5.875,4.9375],"tintindex":0,"rotation":0,"texture":"#0"}},"rotation":{"origin":[7.995862,14.455387,6.3182054],"angle":-22.5,"axis":"x"}},{"from":[-3.5241385,6.1353874,-1.3617945],"to":[19.515862,22.775387,13.998205],"faces":{"east":{"uv":[1.75,5.5625,2.5,6.375],"tintindex":0,"rotation":0,"texture":"#0"},"south":{"uv":[2.875,3.6875,4.0,4.5],"tintindex":0,"rotation":0,"texture":"#0"},"north":{"uv":[1.6875,3.6875,2.8125,4.5],"tintindex":0,"rotation":0,"texture":"#0"},"west":{"uv":[0.0,5.9375,0.75,6.75],"tintindex":0,"rotation":0,"texture":"#0"},"up":{"uv":[5.1875,4.4375,4.0625,3.6875],"tintindex":0,"rotation":0,"texture":"#0"},"down":{"uv":[5.25,2.625,4.125,3.375],"tintindex":0,"rotation":0,"texture":"#0"}},"rotation":{"origin":[7.995862,14.455387,6.3182054],"angle":-22.5,"axis":"x"}}],"display":{"gui":{"rotation":[30,225,0]}}}