{"textures":{"0":"modelengine:entity/fx_earth_golem"},"elements":[{"from":[0.17380905,18.062086,3.6130753],"to":[3.173809,26.062088,8.613075],"faces":{"east":{"uv":[6.875,13.5,7.5,14.5],"tintindex":0,"rotation":0,"texture":"#0"},"south":{"uv":[4.5,14.0,4.875,15.0],"tintindex":0,"rotation":0,"texture":"#0"},"north":{"uv":[4.5,14.0,4.875,15.0],"tintindex":0,"rotation":0,"texture":"#0"},"west":{"uv":[6.875,13.5,7.5,14.5],"tintindex":0,"rotation":0,"texture":"#0"},"up":{"uv":[9.625,3.375,9.25,2.75],"tintindex":0,"rotation":0,"texture":"#0"},"down":{"uv":[9.625,2.75,9.25,3.375],"tintindex":0,"rotation":0,"texture":"#0"}},"rotation":{"origin":[8.992025,6.508562,2.6530561],"angle":-22.5,"axis":"y"}},{"from":[2.210196,5.071537,-9.038071],"to":[13.210196,10.071537,0.9619293],"faces":{"east":{"uv":[12.875,7.875,14.125,8.5],"tintindex":0,"rotation":0,"texture":"#0"},"south":{"uv":[10.0,12.625,11.375,13.25],"tintindex":0,"rotation":0,"texture":"#0"},"north":{"uv":[8.5,12.625,9.875,13.25],"tintindex":0,"rotation":0,"texture":"#0"},"west":{"uv":[13.0,1.125,14.25,1.75],"tintindex":0,"rotation":0,"texture":"#0"},"up":{"uv":[6.375,9.5,5.0,8.25],"tintindex":0,"rotation":0,"texture":"#0"},"down":{"uv":[9.625,5.25,8.25,6.5],"tintindex":0,"rotation":0,"texture":"#0"}}},{"from":[-3.2898035,5.283743,1.2226667],"to":[18.710197,19.283745,15.222667],"faces":{"east":{"uv":[0.0,3.75,1.75,5.5],"tintindex":0,"rotation":0,"texture":"#0"},"south":{"uv":[0.0,0.0,2.75,1.75],"tintindex":0,"rotation":0,"texture":"#0"},"north":{"uv":[0.0,0.0,2.75,1.75],"tintindex":0,"rotation":0,"texture":"#0"},"west":{"uv":[1.875,3.75,3.625,5.5],"tintindex":0,"rotation":0,"texture":"#0"},"up":{"uv":[5.625,1.75,2.875,0.0],"tintindex":0,"rotation":0,"texture":"#0"},"down":{"uv":[5.625,1.75,2.875,0.0],"tintindex":0,"rotation":0,"texture":"#0"}},"rotation":{"origin":[8.992025,6.508562,2.6530561],"angle":-22.5,"axis":"x"}},{"from":[5.710196,20.015823,-0.9775858],"to":[10.710196,31.015823,5.022414],"faces":{"east":{"uv":[12.125,2.5,12.875,3.875],"tintindex":0,"rotation":0,"texture":"#0"},"south":{"uv":[0.75,12.5,1.375,13.875],"tintindex":0,"rotation":0,"texture":"#0"},"north":{"uv":[0.75,12.5,1.375,13.875],"tintindex":0,"rotation":0,"texture":"#0"},"west":{"uv":[12.125,2.5,12.875,3.875],"tintindex":0,"rotation":0,"texture":"#0"},"up":{"uv":[14.375,11.25,13.75,10.5],"tintindex":0,"rotation":0,"texture":"#0"},"down":{"uv":[14.375,11.25,13.75,10.5],"tintindex":0,"rotation":0,"texture":"#0"}},"rotation":{"origin":[8.992025,6.508562,2.6530561],"angle":22.5,"axis":"x"}},{"from":[3.210196,9.071537,-8.038071],"to":[12.210196,14.071537,0.9619293],"faces":{"east":{"uv":[13.375,0.0,14.5,0.625],"tintindex":0,"rotation":0,"texture":"#0"},"south":{"uv":[2.375,13.375,3.5,14.0],"tintindex":0,"rotation":0,"texture":"#0"},"north":{"uv":[13.25,9.75,14.375,10.375],"tintindex":0,"rotation":0,"texture":"#0"},"west":{"uv":[8.5,13.375,9.625,14.0],"tintindex":0,"rotation":0,"texture":"#0"},"up":{"uv":[11.125,11.25,10.0,10.125],"tintindex":0,"rotation":0,"texture":"#0"},"down":{"uv":[11.75,1.25,10.625,2.375],"tintindex":0,"rotation":0,"texture":"#0"}}},{"from":[6.61473,19.87812,4.594183],"to":[11.61473,27.87812,10.594183],"faces":{"east":{"uv":[13.25,8.625,14.0,9.625],"tintindex":0,"rotation":0,"texture":"#0"},"south":{"uv":[5.75,9.625,6.375,10.625],"tintindex":0,"rotation":0,"texture":"#0"},"north":{"uv":[5.75,9.625,6.375,10.625],"tintindex":0,"rotation":0,"texture":"#0"},"west":{"uv":[13.25,8.625,14.0,9.625],"tintindex":0,"rotation":0,"texture":"#0"},"up":{"uv":[13.875,14.625,13.25,13.875],"tintindex":0,"rotation":0,"texture":"#0"},"down":{"uv":[13.875,14.625,13.25,13.875],"tintindex":0,"rotation":0,"texture":"#0"}},"rotation":{"origin":[8.992025,6.508562,2.6530561],"angle":-22.5,"axis":"z"}}],"display":{"gui":{"rotation":[30,225,0]}}}