{"textures":{"0":"modelengine:entity/fx_earth_golem"},"elements":[{"from":[2.6501503,-6.4437943,4.804807],"to":[12.65015,10.556206,14.804808],"faces":{"east":{"uv":[2.625,5.625,1.375,7.75],"tintindex":0,"rotation":0,"texture":"#0"},"south":{"uv":[5.0,3.75,3.75,5.875],"tintindex":0,"rotation":0,"texture":"#0"},"north":{"uv":[5.0,3.75,3.75,5.875],"tintindex":0,"rotation":0,"texture":"#0"},"west":{"uv":[2.625,5.625,1.375,7.75],"tintindex":0,"rotation":0,"texture":"#0"},"up":{"uv":[8.375,4.75,9.625,3.5],"tintindex":0,"rotation":0,"texture":"#0"},"down":{"uv":[8.5,0.0,9.75,1.25],"tintindex":0,"rotation":0,"texture":"#0"}},"rotation":{"origin":[-9.06802,12.679491,6.3336477],"angle":22.5,"axis":"x"}},{"from":[9.0675335,13.328445,2.0247746],"to":[14.0675335,24.328445,8.024775],"faces":{"east":{"uv":[12.875,2.5,12.125,3.875],"tintindex":0,"rotation":0,"texture":"#0"},"south":{"uv":[1.375,12.5,0.75,13.875],"tintindex":0,"rotation":0,"texture":"#0"},"north":{"uv":[1.375,12.5,0.75,13.875],"tintindex":0,"rotation":0,"texture":"#0"},"west":{"uv":[12.875,2.5,12.125,3.875],"tintindex":0,"rotation":0,"texture":"#0"},"up":{"uv":[13.75,11.25,14.375,10.5],"tintindex":0,"rotation":0,"texture":"#0"},"down":{"uv":[13.75,11.25,14.375,10.5],"tintindex":0,"rotation":0,"texture":"#0"}},"rotation":{"origin":[-9.06802,12.679491,6.3336477],"angle":-22.5,"axis":"z"}}],"display":{"gui":{"rotation":[30,225,0]}}}