{"textures":{"0":"modelengine:entity/forzen_element_pet"},"elements":[{"from":[4.0,2.25,1.0],"to":[12.0,4.75,1.0],"faces":{"south":{"uv":[9.230769,13.692308,8.0,14.076923],"tintindex":0,"rotation":0,"texture":"#0"},"north":{"uv":[8.0,13.692308,9.230769,14.076923],"tintindex":0,"rotation":0,"texture":"#0"}}},{"from":[4.0,4.75,1.0],"to":[12.0,12.25,8.5],"faces":{"east":{"uv":[3.5384617,12.461539,4.692308,13.615385],"tintindex":0,"rotation":0,"texture":"#0"},"south":{"uv":[11.692308,6.923077,12.923078,8.076923],"tintindex":0,"rotation":0,"texture":"#0"},"north":{"uv":[11.692308,5.692308,12.923078,6.846154],"tintindex":0,"rotation":0,"texture":"#0"},"west":{"uv":[4.769231,12.461539,5.923077,13.615385],"tintindex":0,"rotation":0,"texture":"#0"},"up":{"uv":[12.923078,9.307693,11.692308,8.153847],"tintindex":0,"rotation":0,"texture":"#0"},"down":{"uv":[12.923078,9.384616,11.692308,10.538462],"tintindex":0,"rotation":0,"texture":"#0"}}}],"display":{"gui":{"rotation":[30,225,0]}}}