{"textures":{"0":"modelengine:entity/forzen_element_pet"},"elements":[{"from":[6.5,0.8125,7.4375],"to":[9.5,6.8125,10.4375],"faces":{"east":{"uv":[12.307693,13.692308,12.769231,14.615385],"tintindex":0,"rotation":0,"texture":"#0"},"south":{"uv":[12.769231,13.692308,13.23077,14.615385],"tintindex":0,"rotation":0,"texture":"#0"},"north":{"uv":[11.846154,13.692308,12.307693,14.615385],"tintindex":0,"rotation":0,"texture":"#0"},"west":{"uv":[13.846154,1.0769231,14.307693,2.0],"tintindex":0,"rotation":0,"texture":"#0"},"up":{"uv":[8.461538,14.615385,8.0,14.153847],"tintindex":0,"rotation":0,"texture":"#0"},"down":{"uv":[8.923078,14.153847,8.461538,14.615385],"tintindex":0,"rotation":0,"texture":"#0"}}},{"from":[6.24,5.8025,6.1775],"to":[9.76,10.5725,10.4475],"faces":{"east":{"uv":[4.3076925,13.692308,5.0,14.461539],"tintindex":0,"rotation":0,"texture":"#0"},"south":{"uv":[14.000001,7.0769234,14.538462,7.846154],"tintindex":0,"rotation":0,"texture":"#0"},"north":{"uv":[14.000001,6.3076925,14.538462,7.0769234],"tintindex":0,"rotation":0,"texture":"#0"},"west":{"uv":[13.692308,4.461539,14.384616,5.2307696],"tintindex":0,"rotation":0,"texture":"#0"},"up":{"uv":[14.538462,13.307693,14.000001,12.615385],"tintindex":0,"rotation":0,"texture":"#0"},"down":{"uv":[14.538462,13.384616,14.000001,14.076923],"tintindex":0,"rotation":0,"texture":"#0"}}}],"display":{"gui":{"rotation":[30,225,0]}}}