{"textures":{"0":"modelengine:entity/forzen_element_pet"},"elements":[{"from":[6.5,-0.75,6.25],"to":[9.5,8.75,9.75],"faces":{"east":{"uv":[0.0,13.384616,0.53846157,14.846154],"tintindex":0,"rotation":0,"texture":"#0"},"south":{"uv":[13.538462,12.615385,14.000001,14.076923],"tintindex":0,"rotation":0,"texture":"#0"},"north":{"uv":[13.538462,8.0,14.000001,9.461539],"tintindex":0,"rotation":0,"texture":"#0"},"west":{"uv":[0.61538464,13.384616,1.1538461,14.846154],"tintindex":0,"rotation":0,"texture":"#0"},"up":{"uv":[3.2307694,14.692308,2.7692308,14.153847],"tintindex":0,"rotation":0,"texture":"#0"},"down":{"uv":[14.615385,5.2307696,14.153847,5.769231],"tintindex":0,"rotation":0,"texture":"#0"}}}],"display":{"gui":{"rotation":[30,225,0]}}}