{"textures":{"0":"modelengine:entity/forzen_element_pet"},"elements":[{"from":[6.5,-0.75,6.25],"to":[9.5,8.75,9.75],"faces":{"east":{"uv":[12.923078,6.461539,13.461539,7.923077],"tintindex":0,"rotation":0,"texture":"#0"},"south":{"uv":[13.538462,6.461539,14.000001,7.923077],"tintindex":0,"rotation":0,"texture":"#0"},"north":{"uv":[1.2307693,13.384616,1.6923077,14.846154],"tintindex":0,"rotation":0,"texture":"#0"},"west":{"uv":[12.923078,8.0,13.461539,9.461539],"tintindex":0,"rotation":0,"texture":"#0"},"up":{"uv":[14.615385,2.5384617,14.153847,2.0],"tintindex":0,"rotation":0,"texture":"#0"},"down":{"uv":[14.615385,2.6153848,14.153847,3.1538463],"tintindex":0,"rotation":0,"texture":"#0"}}}],"display":{"gui":{"rotation":[30,225,0]}}}