{"textures":{"0":"modelengine:entity/forzen_element_pet"},"elements":[{"from":[4.75,4.875,5.5],"to":[11.25,11.125,20.0],"faces":{"east":{"uv":[11.076923,10.615385,13.307693,11.615385],"tintindex":0,"rotation":0,"texture":"#0"},"south":{"uv":[12.769231,1.0769231,13.769231,2.0769231],"tintindex":0,"rotation":0,"texture":"#0"},"north":{"uv":[12.461539,12.615385,13.461539,13.615385],"tintindex":0,"rotation":0,"texture":"#0"},"west":{"uv":[11.692308,0.0,13.923078,1.0],"tintindex":0,"rotation":0,"texture":"#0"},"up":{"uv":[12.692308,3.3076925,11.692308,1.0769231],"tintindex":0,"rotation":0,"texture":"#0"},"down":{"uv":[12.692308,3.3846154,11.692308,5.615385],"tintindex":0,"rotation":0,"texture":"#0"}}}],"display":{"gui":{"rotation":[30,225,0]}}}