{"textures":{"0":"modelengine:entity/shadow_knight","2":"modelengine:entity/shadow_spirit"},"elements":[{"from":[3.3664188,4.1169777,4.794308],"to":[8.366419,10.116978,11.794308],"faces":{"east":{"uv":[7.125,2.5,8.0,3.25],"tintindex":0,"rotation":0,"texture":"#0"},"south":{"uv":[0.75,9.0,1.375,9.75],"tintindex":0,"rotation":0,"texture":"#0"},"north":{"uv":[0.0,9.0,0.625,9.75],"tintindex":0,"rotation":0,"texture":"#0"},"west":{"uv":[7.125,5.625,8.0,6.375],"tintindex":0,"rotation":0,"texture":"#0"},"up":{"uv":[8.25,9.625,7.625,8.75],"tintindex":0,"rotation":0,"texture":"#0"},"down":{"uv":[9.5,4.875,8.875,5.75],"tintindex":0,"rotation":0,"texture":"#0"}}},{"from":[5.59478,7.145689,4.9401035],"to":[5.59478,18.145689,20.940104],"faces":{"east":{"uv":[4.0,2.75,0.0,5.5],"tintindex":0,"rotation":0,"texture":"#2"},"west":{"uv":[0.0,2.75,4.0,5.5],"tintindex":0,"rotation":0,"texture":"#2"}},"rotation":{"origin":[5.59478,12.645689,12.940104],"angle":-45.0,"axis":"x"}},{"from":[4.366419,1.1169777,5.794308],"to":[9.366419,9.116978,10.794308],"faces":{"east":{"uv":[2.75,7.625,3.375,8.625],"tintindex":0,"rotation":0,"texture":"#0"},"south":{"uv":[2.75,6.5,3.375,7.5],"tintindex":0,"rotation":0,"texture":"#0"},"north":{"uv":[2.75,6.5,3.375,7.5],"tintindex":0,"rotation":0,"texture":"#0"},"west":{"uv":[2.75,7.625,3.375,8.625],"tintindex":0,"rotation":0,"texture":"#0"},"up":{"uv":[9.75,8.375,9.125,7.75],"tintindex":0,"rotation":0,"texture":"#0"},"down":{"uv":[9.75,8.375,9.125,7.75],"tintindex":0,"rotation":0,"texture":"#0"}}},{"from":[-2.6335812,2.1169777,8.294308],"to":[6.366419,12.116976,8.294308],"faces":{"south":{"uv":[5.5,3.75,4.375,5.0],"tintindex":0,"rotation":0,"texture":"#0"},"north":{"uv":[4.375,3.75,5.5,5.0],"tintindex":0,"rotation":0,"texture":"#0"}},"rotation":{"origin":[4.866419,7.1169777,8.294308],"angle":-22.5,"axis":"z"}}],"display":{"gui":{"rotation":[30,225,0]}}}