{"textures":{"0":"modelengine:entity/shadow_knight","2":"modelengine:entity/shadow_spirit"},"elements":[{"from":[9.633581,2.1169777,8.294308],"to":[18.633581,12.116976,8.294308],"faces":{"south":{"uv":[4.375,3.75,5.5,5.0],"tintindex":0,"rotation":0,"texture":"#0"},"north":{"uv":[5.5,3.75,4.375,5.0],"tintindex":0,"rotation":0,"texture":"#0"}},"rotation":{"origin":[11.133581,7.1169777,8.294308],"angle":22.5,"axis":"z"}},{"from":[10.40522,7.145689,4.9401035],"to":[10.40522,18.145689,20.940104],"faces":{"east":{"uv":[4.0,2.75,0.0,5.5],"tintindex":0,"rotation":0,"texture":"#2"},"west":{"uv":[0.0,2.75,4.0,5.5],"tintindex":0,"rotation":0,"texture":"#2"}},"rotation":{"origin":[10.40522,12.645689,12.940104],"angle":-45.0,"axis":"x"}},{"from":[7.633581,4.1169777,4.794308],"to":[12.633581,10.116978,11.794308],"faces":{"east":{"uv":[8.0,5.625,7.125,6.375],"tintindex":0,"rotation":0,"texture":"#0"},"south":{"uv":[1.375,9.0,0.75,9.75],"tintindex":0,"rotation":0,"texture":"#0"},"north":{"uv":[0.625,9.0,0.0,9.75],"tintindex":0,"rotation":0,"texture":"#0"},"west":{"uv":[8.0,2.5,7.125,3.25],"tintindex":0,"rotation":0,"texture":"#0"},"up":{"uv":[7.625,9.625,8.25,8.75],"tintindex":0,"rotation":0,"texture":"#0"},"down":{"uv":[8.875,4.875,9.5,5.75],"tintindex":0,"rotation":0,"texture":"#0"}}},{"from":[6.633581,1.1169777,5.794308],"to":[11.633581,9.116978,10.794308],"faces":{"east":{"uv":[3.375,7.625,2.75,8.625],"tintindex":0,"rotation":0,"texture":"#0"},"south":{"uv":[3.375,6.5,2.75,7.5],"tintindex":0,"rotation":0,"texture":"#0"},"north":{"uv":[3.375,6.5,2.75,7.5],"tintindex":0,"rotation":0,"texture":"#0"},"west":{"uv":[3.375,7.625,2.75,8.625],"tintindex":0,"rotation":0,"texture":"#0"},"up":{"uv":[9.125,8.375,9.75,7.75],"tintindex":0,"rotation":0,"texture":"#0"},"down":{"uv":[9.125,8.375,9.75,7.75],"tintindex":0,"rotation":0,"texture":"#0"}}}],"display":{"gui":{"rotation":[30,225,0]}}}