{"textures":{"0":"modelengine:entity/mf_deceptor_death_vfx"},"elements":[{"from":[2.75,2.0433044,2.8433685],"to":[13.25,7.0433044,2.8433685],"faces":{"south":{"uv":[13.909091,4.0,14.909091,4.4545455],"tintindex":0,"rotation":0,"texture":"#0"},"north":{"uv":[13.909091,3.5454547,14.909091,4.0],"tintindex":0,"rotation":0,"texture":"#0"}}},{"from":[3.0,7.5,5.166664],"to":[13.0,14.5,11.916664],"faces":{"east":{"uv":[7.2727275,5.2727275,7.909091,5.909091],"tintindex":0,"rotation":0,"texture":"#0"},"south":{"uv":[13.727273,6.636364,14.636364,7.2727275],"tintindex":0,"rotation":0,"texture":"#0"},"north":{"uv":[13.727273,6.0,14.636364,6.636364],"tintindex":0,"rotation":0,"texture":"#0"},"west":{"uv":[7.2727275,5.909091,7.909091,6.545455],"tintindex":0,"rotation":0,"texture":"#0"},"up":{"uv":[14.636364,7.909091,13.727273,7.2727275],"tintindex":0,"rotation":0,"texture":"#0"},"down":{"uv":[14.636364,7.909091,13.727273,8.545455],"tintindex":0,"rotation":0,"texture":"#0"}}},{"from":[2.75,7.771652,1.5050163],"to":[13.25,12.771652,6.5050163],"faces":{"east":{"uv":[6.727273,12.272728,7.1818185,12.727273],"tintindex":0,"rotation":0,"texture":"#0"},"south":{"uv":[13.909091,2.1818182,14.909091,2.6363637],"tintindex":0,"rotation":0,"texture":"#0"},"north":{"uv":[13.727273,8.545455,14.727273,9.0],"tintindex":0,"rotation":0,"texture":"#0"},"west":{"uv":[12.090909,14.0,12.545455,14.454546],"tintindex":0,"rotation":0,"texture":"#0"},"up":{"uv":[14.909091,3.0909092,13.909091,2.6363637],"tintindex":0,"rotation":0,"texture":"#0"},"down":{"uv":[14.909091,3.0909092,13.909091,3.5454547],"tintindex":0,"rotation":0,"texture":"#0"}},"rotation":{"origin":[8.0,10.771652,4.0050163],"angle":-22.5,"axis":"x"}}],"display":{"gui":{"rotation":[30,225,0]}}}