{"textures":{"0":"modelengine:entity/mf_deceptor_death_vfx"},"elements":[{"from":[5.0,8.25,5.0],"to":[11.0,9.25,11.0],"faces":{"east":{"uv":[13.363637,11.454546,13.909091,11.545455],"tintindex":0,"rotation":0,"texture":"#0"},"south":{"uv":[13.727273,9.0,14.272728,9.090909],"tintindex":0,"rotation":0,"texture":"#0"},"north":{"uv":[7.1818185,10.454546,7.727273,10.545455],"tintindex":0,"rotation":0,"texture":"#0"},"west":{"uv":[13.909091,4.4545455,14.454546,4.5454545],"tintindex":0,"rotation":0,"texture":"#0"},"up":{"uv":[7.1818185,14.545455,6.636364,14.0],"tintindex":0,"rotation":0,"texture":"#0"},"down":{"uv":[7.727273,14.0,7.1818185,14.545455],"tintindex":0,"rotation":0,"texture":"#0"}}},{"from":[6.1,5.6500015,3.5],"to":[16.1,21.650002,3.5],"faces":{"south":{"uv":[12.818182,7.636364,13.727273,9.090909],"tintindex":0,"rotation":0,"texture":"#0"},"north":{"uv":[12.818182,6.1818185,13.727273,7.636364],"tintindex":0,"rotation":0,"texture":"#0"}},"rotation":{"origin":[11.1,12.549999,3.5],"angle":22.5,"axis":"z"}},{"from":[-0.8500004,5.0,3.5999985],"to":[8.15,23.0,3.5999985],"faces":{"south":{"uv":[12.818182,4.5454545,13.636364,6.1818185],"tintindex":0,"rotation":0,"texture":"#0"},"north":{"uv":[5.909091,12.272728,6.727273,13.909091],"tintindex":0,"rotation":0,"texture":"#0"}}},{"from":[3.5,9.25,4.0],"to":[12.5,17.25,12.0],"faces":{"east":{"uv":[13.909091,0.72727275,14.636364,1.4545455],"tintindex":0,"rotation":0,"texture":"#0"},"south":{"uv":[13.363637,10.727273,14.181819,11.454546],"tintindex":0,"rotation":0,"texture":"#0"},"north":{"uv":[12.909091,13.181819,13.727273,13.909091],"tintindex":0,"rotation":0,"texture":"#0"},"west":{"uv":[13.909091,1.4545455,14.636364,2.1818182],"tintindex":0,"rotation":0,"texture":"#0"},"up":{"uv":[14.454546,5.2727275,13.636364,4.5454545],"tintindex":0,"rotation":0,"texture":"#0"},"down":{"uv":[14.454546,5.2727275,13.636364,6.0],"tintindex":0,"rotation":0,"texture":"#0"}}}],"display":{"gui":{"rotation":[30,225,0]}}}