{"textures":{"0":"modelengine:entity/mf_deceptor_death_vfx"},"elements":[{"from":[2.0535412,-4.5,-9.423664],"to":[2.0535412,20.5,8.576336],"faces":{"east":{"uv":[2.6363637,12.272728,4.2727275,14.545455],"tintindex":0,"rotation":0,"texture":"#0"},"west":{"uv":[4.2727275,12.272728,5.909091,14.545455],"tintindex":0,"rotation":0,"texture":"#0"}},"rotation":{"origin":[8.053541,10.5,-0.4236641],"angle":45.0,"axis":"y"}}],"display":{"gui":{"rotation":[30,225,0]}}}