{"textures":{"0":"modelengine:entity/mf_deceptor_death_vfx"},"elements":[{"from":[6.0,-1.5,6.0],"to":[10.0,9.5,10.0],"faces":{"east":{"uv":[12.909091,13.909091,13.272728,14.909091],"tintindex":0,"rotation":0,"texture":"#0"},"south":{"uv":[13.272728,13.909091,13.636364,14.909091],"tintindex":0,"rotation":0,"texture":"#0"},"north":{"uv":[8.636364,13.909091,9.0,14.909091],"tintindex":0,"rotation":0,"texture":"#0"},"west":{"uv":[13.636364,13.909091,14.0,14.909091],"tintindex":0,"rotation":0,"texture":"#0"},"up":{"uv":[10.454546,14.545455,10.090909,14.181819],"tintindex":0,"rotation":0,"texture":"#0"},"down":{"uv":[10.818182,14.181819,10.454546,14.545455],"tintindex":0,"rotation":0,"texture":"#0"}}}],"display":{"gui":{"rotation":[30,225,0]}}}