{"textures":{"0":"modelengine:entity/mf_deceptor_death_vfx"},"elements":[{"from":[-3.0,-1.0,-5.5],"to":[19.0,17.0,21.5],"faces":{"east":{"uv":[9.181818,11.545455,11.636364,13.181819],"tintindex":0,"rotation":0,"texture":"#0"},"south":{"uv":[12.545455,9.090909,14.545455,10.727273],"tintindex":0,"rotation":0,"texture":"#0"},"north":{"uv":[0.0,12.545455,2.0,14.181819],"tintindex":0,"rotation":0,"texture":"#0"},"west":{"uv":[11.636364,11.545455,14.09091,13.181819],"tintindex":0,"rotation":0,"texture":"#0"},"up":{"uv":[9.181818,13.0,7.1818185,10.545455],"tintindex":0,"rotation":0,"texture":"#0"},"down":{"uv":[12.545455,9.090909,10.545455,11.545455],"tintindex":0,"rotation":0,"texture":"#0"}}}],"display":{"gui":{"rotation":[30,225,0]}}}