{"textures":{"0":"modelengine:entity/mf_deceptor_death_vfx"},"elements":[{"from":[-1.5,7.5,0.0],"to":[2.5,11.5,4.0],"faces":{"east":{"uv":[14.09091,12.181819,14.454546,12.545455],"tintindex":0,"rotation":0,"texture":"#0"},"south":{"uv":[14.09091,12.545455,14.454546,12.909091],"tintindex":0,"rotation":0,"texture":"#0"},"north":{"uv":[14.09091,11.818182,14.454546,12.181819],"tintindex":0,"rotation":0,"texture":"#0"},"west":{"uv":[0.0,14.181819,0.36363637,14.545455],"tintindex":0,"rotation":0,"texture":"#0"},"up":{"uv":[0.72727275,14.545455,0.36363637,14.181819],"tintindex":0,"rotation":0,"texture":"#0"},"down":{"uv":[1.0909091,14.181819,0.72727275,14.545455],"tintindex":0,"rotation":0,"texture":"#0"}}},{"from":[1.5,-0.5,-3.0],"to":[14.5,10.5,7.0],"faces":{"east":{"uv":[10.272728,13.181819,11.181819,14.181819],"tintindex":0,"rotation":0,"texture":"#0"},"south":{"uv":[6.727273,13.0,7.909091,14.0],"tintindex":0,"rotation":0,"texture":"#0"},"north":{"uv":[9.181818,10.545455,10.363637,11.545455],"tintindex":0,"rotation":0,"texture":"#0"},"west":{"uv":[11.181819,13.181819,12.090909,14.181819],"tintindex":0,"rotation":0,"texture":"#0"},"up":{"uv":[9.090909,13.909091,7.909091,13.0],"tintindex":0,"rotation":0,"texture":"#0"},"down":{"uv":[10.272728,13.181819,9.090909,14.09091],"tintindex":0,"rotation":0,"texture":"#0"}}},{"from":[13.5,7.5,0.0],"to":[17.5,11.5,4.0],"faces":{"east":{"uv":[14.0,13.909091,14.363637,14.272728],"tintindex":0,"rotation":0,"texture":"#0"},"south":{"uv":[9.0,14.09091,9.363637,14.454546],"tintindex":0,"rotation":0,"texture":"#0"},"north":{"uv":[12.545455,14.0,12.909091,14.363637],"tintindex":0,"rotation":0,"texture":"#0"},"west":{"uv":[9.363637,14.09091,9.727273,14.454546],"tintindex":0,"rotation":0,"texture":"#0"},"up":{"uv":[10.090909,14.454546,9.727273,14.09091],"tintindex":0,"rotation":0,"texture":"#0"},"down":{"uv":[14.454546,11.454546,14.09091,11.818182],"tintindex":0,"rotation":0,"texture":"#0"}}}],"display":{"gui":{"rotation":[30,225,0]}}}