{"textures":{"0":"modelengine:entity/mf_deceptor_death_vfx"},"elements":[{"from":[4.0,9.0,5.0],"to":[12.0,17.0,11.0],"faces":{"east":{"uv":[7.2727275,6.545455,7.818182,7.2727275],"tintindex":0,"rotation":0,"texture":"#0"},"south":{"uv":[13.909091,0.0,14.636364,0.72727275],"tintindex":0,"rotation":0,"texture":"#0"},"north":{"uv":[13.727273,13.181819,14.454546,13.909091],"tintindex":0,"rotation":0,"texture":"#0"},"west":{"uv":[9.909091,4.5454545,10.454546,5.2727275],"tintindex":0,"rotation":0,"texture":"#0"},"up":{"uv":[7.909091,10.454546,7.1818185,9.909091],"tintindex":0,"rotation":0,"texture":"#0"},"down":{"uv":[6.636364,13.909091,5.909091,14.454546],"tintindex":0,"rotation":0,"texture":"#0"}}}],"display":{"gui":{"rotation":[30,225,0]}}}