{"textures":{"0":"modelengine:entity/lr_gryffin"},"elements":[{"from":[5.1480503,-1.7262659,13.922825],"to":[5.1480503,14.273733,19.922825],"faces":{"east":{"uv":[8.5,6.625,8.875,7.625],"tintindex":0,"rotation":0,"texture":"#0"},"west":{"uv":[8.3125,8.6875,8.6875,9.6875],"tintindex":0,"rotation":0,"texture":"#0"}},"rotation":{"origin":[5.1480503,6.273733,16.922825],"angle":22.5,"axis":"y"}},{"from":[4.0,-1.7262659,1.151186],"to":[12.0,14.273733,14.151186],"faces":{"east":{"uv":[7.0,0.9375,7.8125,1.9375],"tintindex":0,"rotation":0,"texture":"#0"},"south":{"uv":[1.375,8.1875,1.875,9.1875],"tintindex":0,"rotation":0,"texture":"#0"},"north":{"uv":[0.875,8.1875,1.375,9.1875],"tintindex":0,"rotation":0,"texture":"#0"},"west":{"uv":[4.1875,7.25,5.0,8.25],"tintindex":0,"rotation":0,"texture":"#0"},"up":{"uv":[8.9375,6.625,8.4375,5.8125],"tintindex":0,"rotation":0,"texture":"#0"},"down":{"uv":[7.8125,8.4375,7.3125,9.25],"tintindex":0,"rotation":0,"texture":"#0"}}},{"from":[-0.8100815,15.229519,1.151186],"to":[4.1899185,15.229519,14.151186],"faces":{"up":{"uv":[10.4375,1.75,10.125,0.9375],"tintindex":0,"rotation":0,"texture":"#0"},"down":{"uv":[10.4375,0.9375,10.125,1.75],"tintindex":0,"rotation":0,"texture":"#0"}},"rotation":{"origin":[1.6899185,15.229519,7.651186],"angle":-22.5,"axis":"z"}}],"display":{"gui":{"rotation":[30,225,0]}}}