{"textures":{"0":"modelengine:entity/lr_gryffin"},"elements":[{"from":[0.0,7.74012,13.962648],"to":[15.0,14.74012,13.962648],"faces":{"south":{"uv":[16.0,0.0,15.0625,0.4375],"tintindex":0,"rotation":0,"texture":"#0"},"north":{"uv":[15.0625,0.0,16.0,0.4375],"tintindex":0,"rotation":0,"texture":"#0"}},"rotation":{"origin":[7.5,11.24012,13.962648],"angle":-45.0,"axis":"x"}},{"from":[0.0,1.7157001,-4.5115185],"to":[15.0,18.715702,11.4884815],"faces":{"east":{"uv":[2.125,6.25,3.125,7.3125],"tintindex":0,"rotation":0,"texture":"#0"},"south":{"uv":[6.4375,5.6875,7.375,6.75],"tintindex":0,"rotation":0,"texture":"#0"},"north":{"uv":[6.4375,4.625,7.375,5.6875],"tintindex":0,"rotation":0,"texture":"#0"},"west":{"uv":[6.4375,3.5625,7.4375,4.625],"tintindex":0,"rotation":0,"texture":"#0"},"up":{"uv":[7.375,7.75,6.4375,6.75],"tintindex":0,"rotation":0,"texture":"#0"},"down":{"uv":[6.1875,6.875,5.25,7.875],"tintindex":0,"rotation":0,"texture":"#0"}}},{"from":[3.0,18.715702,-3.5115185],"to":[12.0,26.715702,9.4884815],"faces":{"east":{"uv":[6.5,8.3125,7.3125,8.8125],"tintindex":0,"rotation":0,"texture":"#0"},"south":{"uv":[8.875,7.125,9.4375,7.625],"tintindex":0,"rotation":0,"texture":"#0"},"north":{"uv":[8.875,6.625,9.4375,7.125],"tintindex":0,"rotation":0,"texture":"#0"},"west":{"uv":[8.4375,5.3125,9.25,5.8125],"tintindex":0,"rotation":0,"texture":"#0"},"up":{"uv":[8.875,4.5,8.3125,3.6875],"tintindex":0,"rotation":0,"texture":"#0"},"down":{"uv":[8.875,4.5,8.3125,5.3125],"tintindex":0,"rotation":0,"texture":"#0"}}},{"from":[0.0,3.0582428,-6.233595],"to":[15.0,12.058243,-6.233595],"faces":{"south":{"uv":[13.9375,0.0,13.0,0.5625],"tintindex":0,"rotation":0,"texture":"#0"},"north":{"uv":[13.0,0.0,13.9375,0.5625],"tintindex":0,"rotation":0,"texture":"#0"}},"rotation":{"origin":[7.5,7.558243,-6.233595],"angle":22.5,"axis":"x"}}],"display":{"gui":{"rotation":[30,225,0]}}}