{"textures":{"0":"modelengine:entity/fx_hawk"},"elements":[{"from":[7.0326834,6.4749985,7.8011208],"to":[7.0326834,12.474998,14.801121],"faces":{"east":{"uv":[4.5,4.125,3.625,4.875],"tintindex":0,"rotation":0,"texture":"#0"},"west":{"uv":[3.625,4.125,4.5,4.875],"tintindex":0,"rotation":0,"texture":"#0"}},"rotation":{"origin":[7.0326834,8.974998,10.301121],"angle":-22.5,"axis":"y"}}],"display":{"gui":{"rotation":[30,225,0]}}}