{"textures":{"1":"modelengine:entity/blood_spike"},"elements":[{"from":[16.722094,12.698782,18.432415],"to":[16.722094,28.698782,22.17305],"faces":{"east":{"uv":[9.25,4.25,6.375,13.75],"tintindex":0,"rotation":0,"texture":"#1"},"south":{"uv":[1.0,0.875,5.375,4.0],"tintindex":0,"rotation":0,"texture":"#1"},"north":{"uv":[1.0,0.875,5.375,4.0],"tintindex":0,"rotation":0,"texture":"#1"},"west":{"uv":[6.375,4.25,9.25,13.75],"tintindex":0,"rotation":0,"texture":"#1"},"up":{"uv":[1.0,0.875,5.375,4.0],"tintindex":0,"rotation":0,"texture":"#1"},"down":{"uv":[1.0,0.875,5.375,4.0],"tintindex":0,"rotation":0,"texture":"#1"}},"rotation":{"origin":[-3.2755003,9.659816,17.305073],"angle":-22.5,"axis":"z"}},{"from":[13.345644,4.5137763,-7.025919],"to":[17.086277,21.180445,-7.025919],"faces":{"east":{"uv":[1.0,0.875,5.375,4.0],"tintindex":0,"rotation":0,"texture":"#1"},"south":{"uv":[9.25,4.25,6.375,13.75],"tintindex":0,"rotation":0,"texture":"#1"},"north":{"uv":[6.375,4.25,9.25,13.75],"tintindex":0,"rotation":0,"texture":"#1"},"west":{"uv":[1.0,0.875,5.375,4.0],"tintindex":0,"rotation":0,"texture":"#1"},"up":{"uv":[1.0,0.875,5.375,4.0],"tintindex":0,"rotation":0,"texture":"#1"},"down":{"uv":[1.0,0.875,5.375,4.0],"tintindex":0,"rotation":0,"texture":"#1"}},"rotation":{"origin":[15.213552,10.552744,-7.0282593],"angle":-22.5,"axis":"z"}},{"from":[19.678978,4.5137763,6.3074145],"to":[22.752945,23.84711,6.3074145],"faces":{"east":{"uv":[1.0,0.875,5.375,4.0],"tintindex":0,"rotation":0,"texture":"#1"},"south":{"uv":[9.25,4.25,6.375,13.75],"tintindex":0,"rotation":0,"texture":"#1"},"north":{"uv":[6.375,4.25,9.25,13.75],"tintindex":0,"rotation":0,"texture":"#1"},"west":{"uv":[1.0,0.875,5.375,4.0],"tintindex":0,"rotation":0,"texture":"#1"},"up":{"uv":[1.0,0.875,5.375,4.0],"tintindex":0,"rotation":0,"texture":"#1"},"down":{"uv":[1.0,0.875,5.375,4.0],"tintindex":0,"rotation":0,"texture":"#1"}},"rotation":{"origin":[21.213554,10.552744,6.305073],"angle":-22.5,"axis":"z"}},{"from":[-0.8479614,9.085211,-3.374854],"to":[2.892672,22.418545,-3.374854],"faces":{"east":{"uv":[1.0,0.875,5.375,4.0],"tintindex":0,"rotation":0,"texture":"#1"},"south":{"uv":[6.375,4.25,9.25,13.75],"tintindex":0,"rotation":0,"texture":"#1"},"north":{"uv":[9.25,4.25,6.375,13.75],"tintindex":0,"rotation":0,"texture":"#1"},"west":{"uv":[1.0,0.875,5.375,4.0],"tintindex":0,"rotation":0,"texture":"#1"},"up":{"uv":[1.0,0.875,5.375,4.0],"tintindex":0,"rotation":0,"texture":"#1"},"down":{"uv":[1.0,0.875,5.375,4.0],"tintindex":0,"rotation":0,"texture":"#1"}},"rotation":{"origin":[-1.3086367,14.379578,10.289406],"angle":-22.5,"axis":"x"}},{"from":[-2.5146284,4.517664,24.19805],"to":[1.2260056,20.517666,24.19805],"faces":{"east":{"uv":[1.0,0.875,5.375,4.0],"tintindex":0,"rotation":0,"texture":"#1"},"south":{"uv":[6.375,4.25,9.25,13.75],"tintindex":0,"rotation":0,"texture":"#1"},"north":{"uv":[9.25,4.25,6.375,13.75],"tintindex":0,"rotation":0,"texture":"#1"},"west":{"uv":[1.0,0.875,5.375,4.0],"tintindex":0,"rotation":0,"texture":"#1"},"up":{"uv":[1.0,0.875,5.375,4.0],"tintindex":0,"rotation":0,"texture":"#1"},"down":{"uv":[1.0,0.875,5.375,4.0],"tintindex":0,"rotation":0,"texture":"#1"}},"rotation":{"origin":[-0.6443119,10.517664,24.381382],"angle":22.5,"axis":"x"}},{"from":[-9.749767,4.59171,4.432414],"to":[-9.749767,20.591711,8.173048],"faces":{"east":{"uv":[9.25,4.25,6.375,13.75],"tintindex":0,"rotation":0,"texture":"#1"},"south":{"uv":[1.0,0.875,5.375,4.0],"tintindex":0,"rotation":0,"texture":"#1"},"north":{"uv":[1.0,0.875,5.375,4.0],"tintindex":0,"rotation":0,"texture":"#1"},"west":{"uv":[6.375,4.25,9.25,13.75],"tintindex":0,"rotation":0,"texture":"#1"},"up":{"uv":[1.0,0.875,5.375,4.0],"tintindex":0,"rotation":0,"texture":"#1"},"down":{"uv":[1.0,0.875,5.375,4.0],"tintindex":0,"rotation":0,"texture":"#1"}},"rotation":{"origin":[-9.752176,10.552744,6.305073],"angle":22.5,"axis":"z"}},{"from":[15.211145,4.59171,-8.900919],"to":[15.211145,21.258377,-5.160285],"faces":{"east":{"uv":[9.25,4.25,6.375,13.75],"tintindex":0,"rotation":0,"texture":"#1"},"south":{"uv":[1.0,0.875,5.375,4.0],"tintindex":0,"rotation":0,"texture":"#1"},"north":{"uv":[1.0,0.875,5.375,4.0],"tintindex":0,"rotation":0,"texture":"#1"},"west":{"uv":[6.375,4.25,9.25,13.75],"tintindex":0,"rotation":0,"texture":"#1"},"up":{"uv":[1.0,0.875,5.375,4.0],"tintindex":0,"rotation":0,"texture":"#1"},"down":{"uv":[1.0,0.875,5.375,4.0],"tintindex":0,"rotation":0,"texture":"#1"}},"rotation":{"origin":[15.213552,10.552744,-7.0282593],"angle":-22.5,"axis":"z"}},{"from":[21.211145,4.59171,4.432414],"to":[21.211145,23.925045,8.173048],"faces":{"east":{"uv":[9.25,4.25,6.375,13.75],"tintindex":0,"rotation":0,"texture":"#1"},"south":{"uv":[1.0,0.875,5.375,4.0],"tintindex":0,"rotation":0,"texture":"#1"},"north":{"uv":[1.0,0.875,5.375,4.0],"tintindex":0,"rotation":0,"texture":"#1"},"west":{"uv":[6.375,4.25,9.25,13.75],"tintindex":0,"rotation":0,"texture":"#1"},"up":{"uv":[1.0,0.875,5.375,4.0],"tintindex":0,"rotation":0,"texture":"#1"},"down":{"uv":[1.0,0.875,5.375,4.0],"tintindex":0,"rotation":0,"texture":"#1"}},"rotation":{"origin":[21.213554,10.552744,6.305073],"angle":-22.5,"axis":"z"}},{"from":[1.0270386,9.0072775,-5.2499847],"to":[1.0270386,22.340612,-1.5093517],"faces":{"east":{"uv":[9.25,4.25,6.375,13.75],"tintindex":0,"rotation":0,"texture":"#1"},"south":{"uv":[1.0,0.875,5.375,4.0],"tintindex":0,"rotation":0,"texture":"#1"},"north":{"uv":[1.0,0.875,5.375,4.0],"tintindex":0,"rotation":0,"texture":"#1"},"west":{"uv":[6.375,4.25,9.25,13.75],"tintindex":0,"rotation":0,"texture":"#1"},"up":{"uv":[1.0,0.875,5.375,4.0],"tintindex":0,"rotation":0,"texture":"#1"},"down":{"uv":[1.0,0.875,5.375,4.0],"tintindex":0,"rotation":0,"texture":"#1"}},"rotation":{"origin":[-1.3086367,14.379578,10.289406],"angle":-22.5,"axis":"x"}},{"from":[14.856591,12.620849,20.307415],"to":[18.597225,28.62085,20.307415],"faces":{"east":{"uv":[1.0,0.875,5.375,4.0],"tintindex":0,"rotation":0,"texture":"#1"},"south":{"uv":[9.25,4.25,6.375,13.75],"tintindex":0,"rotation":0,"texture":"#1"},"north":{"uv":[6.375,4.25,9.25,13.75],"tintindex":0,"rotation":0,"texture":"#1"},"west":{"uv":[1.0,0.875,5.375,4.0],"tintindex":0,"rotation":0,"texture":"#1"},"up":{"uv":[1.0,0.875,5.375,4.0],"tintindex":0,"rotation":0,"texture":"#1"},"down":{"uv":[1.0,0.875,5.375,4.0],"tintindex":0,"rotation":0,"texture":"#1"}},"rotation":{"origin":[-3.2755003,9.659816,17.305073],"angle":-22.5,"axis":"z"}},{"from":[-0.6396284,4.517664,22.307415],"to":[-0.6396284,20.517666,26.04805],"faces":{"east":{"uv":[9.25,4.25,6.375,13.75],"tintindex":0,"rotation":0,"texture":"#1"},"south":{"uv":[1.0,0.875,5.375,4.0],"tintindex":0,"rotation":0,"texture":"#1"},"north":{"uv":[1.0,0.875,5.375,4.0],"tintindex":0,"rotation":0,"texture":"#1"},"west":{"uv":[6.375,4.25,9.25,13.75],"tintindex":0,"rotation":0,"texture":"#1"},"up":{"uv":[1.0,0.875,5.375,4.0],"tintindex":0,"rotation":0,"texture":"#1"},"down":{"uv":[1.0,0.875,5.375,4.0],"tintindex":0,"rotation":0,"texture":"#1"}},"rotation":{"origin":[-0.6396284,10.517664,24.177732],"angle":22.5,"axis":"x"}},{"from":[-11.624901,4.5137763,6.3074145],"to":[-7.884266,20.513779,6.3074145],"faces":{"east":{"uv":[1.0,0.875,5.375,4.0],"tintindex":0,"rotation":0,"texture":"#1"},"south":{"uv":[6.375,4.25,9.25,13.75],"tintindex":0,"rotation":0,"texture":"#1"},"north":{"uv":[9.25,4.25,6.375,13.75],"tintindex":0,"rotation":0,"texture":"#1"},"west":{"uv":[1.0,0.875,5.375,4.0],"tintindex":0,"rotation":0,"texture":"#1"},"up":{"uv":[1.0,0.875,5.375,4.0],"tintindex":0,"rotation":0,"texture":"#1"},"down":{"uv":[1.0,0.875,5.375,4.0],"tintindex":0,"rotation":0,"texture":"#1"}},"rotation":{"origin":[-9.752176,10.552744,6.305073],"angle":22.5,"axis":"z"}}],"display":{"gui":{"rotation":[30,225,0]}}}