{"textures":{"0":"modelengine:entity/mount_elephant"},"elements":[{"from":[4.0,-0.0052108765,1.246376],"to":[12.0,8.994789,8.246376],"faces":{"east":{"uv":[9.5,13.0625,9.9375,13.625],"tintindex":0,"rotation":0,"texture":"#0"},"south":{"uv":[13.1875,10.8125,13.6875,11.375],"tintindex":0,"rotation":0,"texture":"#0"},"north":{"uv":[13.1875,10.25,13.6875,10.8125],"tintindex":0,"rotation":0,"texture":"#0"},"west":{"uv":[0.75,13.25,1.1875,13.8125],"tintindex":0,"rotation":0,"texture":"#0"},"up":{"uv":[13.8125,0.4375,13.3125,0.0],"tintindex":0,"rotation":0,"texture":"#0"},"down":{"uv":[13.8125,12.5,13.3125,12.9375],"tintindex":0,"rotation":0,"texture":"#0"}},"rotation":{"origin":[8.0,14.99479,4.746376],"angle":-22.5,"axis":"x"}}],"display":{"gui":{"rotation":[30,225,0]}}}