{"textures":{"0":"modelengine:entity/mount_elephant"},"elements":[{"from":[3.0,-10.42388,0.6173167],"to":[13.0,9.57612,11.617317],"faces":{"east":{"uv":[10.875,9.875,11.5625,11.125],"tintindex":0,"rotation":0,"texture":"#0"},"south":{"uv":[10.0,11.125,10.625,12.375],"tintindex":0,"rotation":0,"texture":"#0"},"north":{"uv":[9.375,11.125,10.0,12.375],"tintindex":0,"rotation":0,"texture":"#0"},"west":{"uv":[11.125,1.5625,11.8125,2.8125],"tintindex":0,"rotation":0,"texture":"#0"},"up":{"uv":[11.6875,13.0625,11.0625,12.375],"tintindex":0,"rotation":0,"texture":"#0"},"down":{"uv":[1.375,12.5625,0.75,13.25],"tintindex":0,"rotation":0,"texture":"#0"}}}],"display":{"gui":{"rotation":[30,225,0]}}}