{"textures":{"0":"modelengine:entity/beast_owl"},"elements":[{"from":[7.7375,6.5174913,7.993141],"to":[8.7375,12.517491,16.993141],"faces":{"east":{"uv":[8.125,7.25,7.0,8.0],"tintindex":0,"rotation":0,"texture":"#0"},"south":{"uv":[0.25,7.875,0.375,8.625],"tintindex":0,"rotation":0,"texture":"#0"},"north":{"uv":[0.0,7.875,0.125,8.625],"tintindex":0,"rotation":0,"texture":"#0"},"west":{"uv":[7.0,7.25,8.125,8.0],"tintindex":0,"rotation":0,"texture":"#0"},"up":{"uv":[4.875,8.75,4.75,7.625],"tintindex":0,"rotation":0,"texture":"#0"},"down":{"uv":[7.875,1.625,7.75,2.75],"tintindex":0,"rotation":0,"texture":"#0"}},"rotation":{"origin":[15.7375,8.74834,5.4115934],"angle":22.5,"axis":"x"}},{"from":[7.7625003,3.5174913,7.993141],"to":[7.7625003,13.517491,19.993141],"faces":{"east":{"uv":[1.5,4.0,0.0,5.25],"tintindex":0,"rotation":0,"texture":"#0"},"west":{"uv":[0.0,4.0,1.5,5.25],"tintindex":0,"rotation":0,"texture":"#0"}},"rotation":{"origin":[15.7375,8.74834,5.4115934],"angle":22.5,"axis":"x"}}],"display":{"gui":{"rotation":[30,225,0]}}}