{"textures":{"0":"modelengine:entity/beast_owl"},"elements":[{"from":[7.6125,2.018179,7.169366],"to":[9.6125,10.018179,16.169365],"faces":{"east":{"uv":[3.625,6.5,2.5,7.5],"tintindex":0,"rotation":0,"texture":"#0"},"south":{"uv":[4.375,7.625,4.625,8.625],"tintindex":0,"rotation":0,"texture":"#0"},"north":{"uv":[4.0,7.625,4.25,8.625],"tintindex":0,"rotation":0,"texture":"#0"},"west":{"uv":[2.5,6.5,3.625,7.5],"tintindex":0,"rotation":0,"texture":"#0"},"up":{"uv":[3.5,8.75,3.25,7.625],"tintindex":0,"rotation":0,"texture":"#0"},"down":{"uv":[3.875,7.625,3.625,8.75],"tintindex":0,"rotation":0,"texture":"#0"}},"rotation":{"origin":[15.6125,6.2490273,13.587818],"angle":22.5,"axis":"x"}},{"from":[7.6375003,-0.98182106,5.169366],"to":[7.6375003,11.018179,16.169365],"faces":{"east":{"uv":[3.25,1.625,1.875,3.125],"tintindex":0,"rotation":0,"texture":"#0"},"west":{"uv":[1.875,1.625,3.25,3.125],"tintindex":0,"rotation":0,"texture":"#0"}},"rotation":{"origin":[15.6125,6.2490273,13.587818],"angle":22.5,"axis":"x"}}],"display":{"gui":{"rotation":[30,225,0]}}}