{"textures":{"0":"modelengine:entity/beast_owl"},"elements":[{"from":[0.11847305,7.9875,8.222608],"to":[4.118473,7.9875,19.222609],"faces":{"up":{"uv":[2.5,9.0,2.0,7.625],"tintindex":0,"rotation":0,"texture":"#0"},"down":{"uv":[2.5,7.625,2.0,9.0],"tintindex":0,"rotation":0,"texture":"#0"}},"rotation":{"origin":[4.9349184,5.161742,1.0102215],"angle":45.0,"axis":"y"}},{"from":[1.3165665,8.0125,8.40991],"to":[5.3165665,8.0125,20.409912],"faces":{"up":{"uv":[7.875,6.375,7.375,4.875],"tintindex":0,"rotation":0,"texture":"#0"},"down":{"uv":[7.875,4.875,7.375,6.375],"tintindex":0,"rotation":0,"texture":"#0"}},"rotation":{"origin":[4.9349184,5.161742,1.0102215],"angle":22.5,"axis":"y"}}],"display":{"gui":{"rotation":[30,225,0]}}}