{"textures":{"0":"modelengine:entity/forzen_element_pet_skill2_vfx"},"elements":[{"from":[8.0,-16.0,-16.0],"to":[8.0,32.0,32.0],"faces":{"east":{"uv":[12.444445,0.0,14.222222,1.7777778],"tintindex":0,"rotation":0,"texture":"#0"},"west":{"uv":[1.7777778,12.444445,3.5555556,14.222222],"tintindex":0,"rotation":0,"texture":"#0"}},"rotation":{"origin":[8.0,8.0,8.0],"angle":-45.0,"axis":"y"}},{"from":[-16.0,-16.0,8.0],"to":[32.0,32.0,8.0],"faces":{"south":{"uv":[0.0,12.444445,1.7777778,14.222222],"tintindex":0,"rotation":0,"texture":"#0"},"north":{"uv":[10.666667,10.666667,12.444445,12.444445],"tintindex":0,"rotation":0,"texture":"#0"}},"rotation":{"origin":[8.0,8.0,8.0],"angle":-45.0,"axis":"y"}}],"display":{"gui":{"rotation":[30,225,0]}}}