{"textures":{"0":"modelengine:entity/forzen_element_pet_skill2_vfx"},"elements":[{"from":[-16.0,-16.0,8.0],"to":[32.0,32.0,8.0],"faces":{"south":{"uv":[7.111111,3.5555556,8.888889,5.3333335],"tintindex":0,"rotation":0,"texture":"#0"},"north":{"uv":[3.5555556,7.111111,5.3333335,8.888889],"tintindex":0,"rotation":0,"texture":"#0"}},"rotation":{"origin":[8.0,8.0,8.0],"angle":-45.0,"axis":"y"}},{"from":[8.0,-16.0,-16.0],"to":[8.0,32.0,32.0],"faces":{"east":{"uv":[5.3333335,7.111111,7.111111,8.888889],"tintindex":0,"rotation":0,"texture":"#0"},"west":{"uv":[7.111111,5.3333335,8.888889,7.111111],"tintindex":0,"rotation":0,"texture":"#0"}},"rotation":{"origin":[8.0,8.0,8.0],"angle":-45.0,"axis":"y"}}],"display":{"gui":{"rotation":[30,225,0]}}}