{"textures":{"0":"modelengine:entity/vs_h_brown"},"elements":[{"from":[5.0,10.873732,9.087634],"to":[11.0,13.873732,9.087634],"faces":{"south":{"uv":[10.5,3.75,11.25,4.125],"tintindex":0,"rotation":0,"texture":"#0"},"north":{"uv":[10.375,9.25,11.125,9.625],"tintindex":0,"rotation":0,"texture":"#0"}}},{"from":[8.004,6.8737335,7.587634],"to":[8.004,12.873732,12.587635],"faces":{"east":{"uv":[9.375,9.625,10.0,10.375],"tintindex":0,"rotation":0,"texture":"#0"},"west":{"uv":[4.0,9.75,4.625,10.5],"tintindex":0,"rotation":0,"texture":"#0"}}},{"from":[5.75,5.8737335,-2.412365],"to":[10.25,10.873732,2.587635],"faces":{"east":{"uv":[8.375,10.375,9.0,11.0],"tintindex":0,"rotation":0,"texture":"#0"},"south":{"uv":[10.375,8.625,11.0,9.25],"tintindex":0,"rotation":0,"texture":"#0"},"north":{"uv":[7.75,10.375,8.375,11.0],"tintindex":0,"rotation":0,"texture":"#0"},"west":{"uv":[9.0,10.375,9.625,11.0],"tintindex":0,"rotation":0,"texture":"#0"},"up":{"uv":[10.25,11.0,9.625,10.375],"tintindex":0,"rotation":0,"texture":"#0"},"down":{"uv":[10.875,10.375,10.25,11.0],"tintindex":0,"rotation":0,"texture":"#0"}}},{"from":[5.0,4.8737335,2.587635],"to":[11.0,10.873732,9.587634],"faces":{"east":{"uv":[9.625,1.125,10.5,1.875],"tintindex":0,"rotation":0,"texture":"#0"},"south":{"uv":[9.625,8.875,10.375,9.625],"tintindex":0,"rotation":0,"texture":"#0"},"north":{"uv":[8.625,9.625,9.375,10.375],"tintindex":0,"rotation":0,"texture":"#0"},"west":{"uv":[1.625,9.625,2.5,10.375],"tintindex":0,"rotation":0,"texture":"#0"},"up":{"uv":[3.25,10.5,2.5,9.625],"tintindex":0,"rotation":0,"texture":"#0"},"down":{"uv":[4.0,9.625,3.25,10.5],"tintindex":0,"rotation":0,"texture":"#0"}}}],"display":{"gui":{"rotation":[30,225,0]}}}