{"textures":{"0":"modelengine:entity/nocsy_fairy_drakonin"},"elements":[{"from":[5.162265,8.994167,-4.6693506],"to":[17.762264,8.994167,5.3306494],"faces":{"up":{"uv":[8.0625,2.0625,7.25,1.4375],"tintindex":0,"rotation":0,"texture":"#0"},"down":{"uv":[8.0625,1.4375,7.25,2.0625],"tintindex":0,"rotation":0,"texture":"#0"}},"rotation":{"origin":[13.446368,8.649164,1.2845783],"angle":-22.5,"axis":"z"}},{"from":[3.9610872,9.365801,6.2417035],"to":[10.561087,9.365801,28.241703],"faces":{"up":{"uv":[0.4375,8.625,0.0,7.25],"tintindex":0,"rotation":0,"texture":"#0"},"down":{"uv":[7.6875,0.0,7.25,1.375],"tintindex":0,"rotation":0,"texture":"#0"}},"rotation":{"origin":[7.2610874,9.365801,13.241703],"angle":-45.0,"axis":"z"}}],"display":{"gui":{"rotation":[30,225,0]}}}