{"textures":{"0":"modelengine:entity/nocsy_fairy_drakonin"},"elements":[{"from":[5.438913,9.365801,6.2417035],"to":[12.038913,9.365801,28.241703],"faces":{"up":{"uv":[0.9375,8.625,0.5,7.25],"tintindex":0,"rotation":0,"texture":"#0"},"down":{"uv":[1.4375,7.25,1.0,8.625],"tintindex":0,"rotation":0,"texture":"#0"}},"rotation":{"origin":[8.738913,9.365801,13.241703],"angle":45.0,"axis":"z"}},{"from":[-1.7622643,8.994167,-4.6693506],"to":[10.837735,8.994167,5.3306494],"faces":{"up":{"uv":[7.25,2.0625,8.0625,1.4375],"tintindex":0,"rotation":0,"texture":"#0"},"down":{"uv":[7.25,1.4375,8.0625,2.0625],"tintindex":0,"rotation":0,"texture":"#0"}},"rotation":{"origin":[2.5536318,8.649164,1.2845783],"angle":22.5,"axis":"z"}}],"display":{"gui":{"rotation":[30,225,0]}}}