{"textures":{"0":"modelengine:entity/nocsy_fairy_drakonin"},"elements":[{"from":[7.1559176,7.201667,5.4664974],"to":[8.489251,8.535,6.7998304],"faces":{"east":{"uv":[9.75,9.875,9.5,10.125],"tintindex":0,"rotation":0,"texture":"#0"},"south":{"uv":[10.125,9.1875,9.875,9.4375],"tintindex":0,"rotation":0,"texture":"#0"},"north":{"uv":[8.4375,9.875,8.1875,10.125],"tintindex":0,"rotation":0,"texture":"#0"},"west":{"uv":[9.125,9.875,8.875,10.125],"tintindex":0,"rotation":0,"texture":"#0"},"up":{"uv":[9.8125,10.125,10.0625,9.875],"tintindex":0,"rotation":0,"texture":"#0"},"down":{"uv":[0.0,9.9375,0.25,10.1875],"tintindex":0,"rotation":0,"texture":"#0"}}},{"from":[2.3320374,7.4683332,5.982514],"to":[7.9987044,8.468333,6.982514],"faces":{"east":{"uv":[10.3125,2.3125,10.125,2.5],"tintindex":0,"rotation":0,"texture":"#0"},"south":{"uv":[9.375,0.5625,8.3125,0.75],"tintindex":0,"rotation":0,"texture":"#0"},"north":{"uv":[8.9375,4.375,7.875,4.5625],"tintindex":0,"rotation":0,"texture":"#0"},"west":{"uv":[2.5,10.125,2.3125,10.3125],"tintindex":0,"rotation":0,"texture":"#0"},"up":{"uv":[8.3125,1.0,9.375,0.8125],"tintindex":0,"rotation":0,"texture":"#0"},"down":{"uv":[8.3125,7.1875,9.375,7.375],"tintindex":0,"rotation":0,"texture":"#0"}},"rotation":{"origin":[7.4987044,7.9683332,7.149181],"angle":22.5,"axis":"y"}},{"from":[-7.3310585,8.0003805,5.982514],"to":[8.002274,8.0003805,24.982515],"faces":{"up":{"uv":[0.0,3.5625,2.875,0.0],"tintindex":0,"rotation":0,"texture":"#0"},"down":{"uv":[2.9375,0.0,5.8125,3.5625],"tintindex":0,"rotation":0,"texture":"#0"}}}],"display":{"gui":{"rotation":[30,225,0]}}}