{"textures":{"0":"modelengine:entity/nocsy_fairy_drakonin"},"elements":[{"from":[6.3036356,6.822788,7.0],"to":[8.803636,8.822788,9.0],"faces":{"east":{"uv":[7.75,9.875,7.5,10.125],"tintindex":0,"rotation":0,"texture":"#0"},"south":{"uv":[1.875,9.4375,1.5625,9.6875],"tintindex":0,"rotation":0,"texture":"#0"},"north":{"uv":[8.0625,1.125,7.75,1.375],"tintindex":0,"rotation":0,"texture":"#0"},"west":{"uv":[7.4375,9.875,7.1875,10.125],"tintindex":0,"rotation":0,"texture":"#0"},"up":{"uv":[1.9375,9.6875,2.25,9.4375],"tintindex":0,"rotation":0,"texture":"#0"},"down":{"uv":[9.4375,2.125,9.75,2.375],"tintindex":0,"rotation":0,"texture":"#0"}}},{"from":[0.3036356,7.072788,7.2],"to":[6.8036356,8.572788,8.7],"faces":{"east":{"uv":[8.5625,5.625,8.375,5.8125],"tintindex":0,"rotation":0,"texture":"#0"},"south":{"uv":[8.8125,8.625,8.0,8.8125],"tintindex":0,"rotation":0,"texture":"#0"},"north":{"uv":[9.4375,6.125,8.625,6.3125],"tintindex":0,"rotation":0,"texture":"#0"},"west":{"uv":[3.125,7.8125,2.9375,8.0],"tintindex":0,"rotation":0,"texture":"#0"},"up":{"uv":[8.625,8.3125,9.4375,8.125],"tintindex":0,"rotation":0,"texture":"#0"},"down":{"uv":[8.625,8.375,9.4375,8.5625],"tintindex":0,"rotation":0,"texture":"#0"}}},{"from":[-1.0271502,7.077788,3.4801264],"to":[0.46284962,8.567787,6.970126],"faces":{"east":{"uv":[9.5625,0.3125,9.125,0.5],"tintindex":0,"rotation":0,"texture":"#0"},"south":{"uv":[10.25,2.0625,10.0625,2.25],"tintindex":0,"rotation":0,"texture":"#0"},"north":{"uv":[9.125,7.875,8.9375,8.0625],"tintindex":0,"rotation":0,"texture":"#0"},"west":{"uv":[9.4375,2.4375,9.0,2.625],"tintindex":0,"rotation":0,"texture":"#0"},"up":{"uv":[1.0625,9.5625,1.25,9.125],"tintindex":0,"rotation":0,"texture":"#0"},"down":{"uv":[5.625,9.3125,5.8125,9.75],"tintindex":0,"rotation":0,"texture":"#0"}},"rotation":{"origin":[1.7178493,7.822788,6.2251263],"angle":45.0,"axis":"y"}},{"from":[-2.8980246,7.072788,2.5713243],"to":[-1.3980246,8.572788,6.0713243],"faces":{"east":{"uv":[9.8125,5.75,9.375,5.9375],"tintindex":0,"rotation":0,"texture":"#0"},"south":{"uv":[0.6875,10.125,0.5,10.3125],"tintindex":0,"rotation":0,"texture":"#0"},"north":{"uv":[10.25,6.75,10.0625,6.9375],"tintindex":0,"rotation":0,"texture":"#0"},"west":{"uv":[9.8125,5.5,9.375,5.6875],"tintindex":0,"rotation":0,"texture":"#0"},"up":{"uv":[3.625,9.8125,3.8125,9.375],"tintindex":0,"rotation":0,"texture":"#0"},"down":{"uv":[5.3125,9.375,5.5,9.8125],"tintindex":0,"rotation":0,"texture":"#0"}},"rotation":{"origin":[-2.1480246,7.822788,4.3213243],"angle":22.5,"axis":"y"}},{"from":[-2.783844,7.872788,3.1453495],"to":[7.7161565,7.872788,27.14535],"faces":{"up":{"uv":[5.875,3.0,7.1875,0.0],"tintindex":0,"rotation":0,"texture":"#0"},"down":{"uv":[5.875,0.0,7.1875,3.0],"tintindex":0,"rotation":0,"texture":"#0"}}}],"display":{"gui":{"rotation":[30,225,0]}}}