{"textures":{"0":"modelengine:entity/nocsy_fairy_drakonin"},"elements":[{"from":[5.8563976,7.1436024,5.3549833],"to":[8.856398,10.143602,11.354984],"faces":{"east":{"uv":[9.5,8.0625,9.875,8.25],"tintindex":0,"rotation":0,"texture":"#0"},"south":{"uv":[10.125,8.5625,10.3125,8.75],"tintindex":0,"rotation":0,"texture":"#0"},"north":{"uv":[10.125,7.75,10.3125,7.9375],"tintindex":0,"rotation":0,"texture":"#0"},"west":{"uv":[9.5,8.3125,9.875,8.5],"tintindex":0,"rotation":0,"texture":"#0"},"up":{"uv":[9.75,1.4375,9.5625,1.0625],"tintindex":0,"rotation":0,"texture":"#0"},"down":{"uv":[9.75,1.5,9.5625,1.875],"tintindex":0,"rotation":0,"texture":"#0"}},"rotation":{"origin":[8.0,8.0,8.0],"angle":-45.0,"axis":"z"}},{"from":[9.456398,6.6436024,5.054984],"to":[9.456398,9.643602,11.054983],"faces":{"east":{"uv":[9.5625,0.0,9.9375,0.1875],"tintindex":0,"rotation":0,"texture":"#0"},"west":{"uv":[4.25,9.5625,4.625,9.75],"tintindex":0,"rotation":0,"texture":"#0"}},"rotation":{"origin":[9.456398,8.143602,8.054984],"angle":-22.5,"axis":"x"}},{"from":[6.5436025,6.6436024,5.054984],"to":[6.5436025,9.643602,11.054983],"faces":{"east":{"uv":[4.6875,9.5625,5.0625,9.75],"tintindex":0,"rotation":0,"texture":"#0"},"west":{"uv":[9.5625,6.3125,9.9375,6.5],"tintindex":0,"rotation":0,"texture":"#0"}},"rotation":{"origin":[6.5436025,8.143602,8.054984],"angle":-22.5,"axis":"x"}}],"display":{"gui":{"rotation":[30,225,0]}}}