{"textures":{"0":"modelengine:entity/nocsy_fairy_drakonin"},"elements":[{"from":[7.0,3.360055,5.889879],"to":[10.0,9.360056,9.889879],"faces":{"east":{"uv":[7.375,9.0625,7.625,9.4375],"tintindex":0,"rotation":0,"texture":"#0"},"south":{"uv":[2.3125,9.6875,2.5,10.0625],"tintindex":0,"rotation":0,"texture":"#0"},"north":{"uv":[0.6875,9.6875,0.875,10.0625],"tintindex":0,"rotation":0,"texture":"#0"},"west":{"uv":[7.6875,9.0625,7.9375,9.4375],"tintindex":0,"rotation":0,"texture":"#0"},"up":{"uv":[10.25,6.6875,10.0625,6.4375],"tintindex":0,"rotation":0,"texture":"#0"},"down":{"uv":[6.75,10.0625,6.5625,10.3125],"tintindex":0,"rotation":0,"texture":"#0"}},"rotation":{"origin":[7.5,9.160055,7.2898793],"angle":22.5,"axis":"x"}}],"display":{"gui":{"rotation":[30,225,0]}}}