{"textures":{"0":"modelengine:entity/nocsy_fairy_drakonin"},"elements":[{"from":[5.0,8.111329,6.949988],"to":[11.0,15.111329,12.949987],"faces":{"east":{"uv":[8.5625,2.125,8.9375,2.5625],"tintindex":0,"rotation":0,"texture":"#0"},"south":{"uv":[2.875,8.5625,3.25,9.0],"tintindex":0,"rotation":0,"texture":"#0"},"north":{"uv":[1.5,8.5,1.875,8.9375],"tintindex":0,"rotation":0,"texture":"#0"},"west":{"uv":[7.5625,8.5625,7.9375,9.0],"tintindex":0,"rotation":0,"texture":"#0"},"up":{"uv":[1.25,9.0625,0.875,8.6875],"tintindex":0,"rotation":0,"texture":"#0"},"down":{"uv":[2.3125,8.6875,1.9375,9.0625],"tintindex":0,"rotation":0,"texture":"#0"}}},{"from":[5.01,14.245261,6.2280493],"to":[10.99,18.22526,12.208049],"faces":{"east":{"uv":[8.6875,1.8125,9.0625,2.0625],"tintindex":0,"rotation":0,"texture":"#0"},"south":{"uv":[8.6875,6.8125,9.0625,7.0625],"tintindex":0,"rotation":0,"texture":"#0"},"north":{"uv":[5.4375,7.9375,5.8125,8.1875],"tintindex":0,"rotation":0,"texture":"#0"},"west":{"uv":[8.9375,3.6875,9.3125,3.9375],"tintindex":0,"rotation":0,"texture":"#0"},"up":{"uv":[9.0625,6.75,8.6875,6.375],"tintindex":0,"rotation":0,"texture":"#0"},"down":{"uv":[6.3125,8.75,5.9375,9.125],"tintindex":0,"rotation":0,"texture":"#0"}},"rotation":{"origin":[8.0,16.51315,10.381875],"angle":-22.5,"axis":"x"}}],"display":{"gui":{"rotation":[30,225,0]}}}