{"textures":{"0":"modelengine:entity/nocsy_fairy_drakonin"},"elements":[{"from":[7.5107493,7.201667,5.4664974],"to":[8.844083,8.535,6.7998304],"faces":{"east":{"uv":[8.875,9.875,9.125,10.125],"tintindex":0,"rotation":0,"texture":"#0"},"south":{"uv":[9.875,9.1875,10.125,9.4375],"tintindex":0,"rotation":0,"texture":"#0"},"north":{"uv":[8.1875,9.875,8.4375,10.125],"tintindex":0,"rotation":0,"texture":"#0"},"west":{"uv":[9.5,9.875,9.75,10.125],"tintindex":0,"rotation":0,"texture":"#0"},"up":{"uv":[10.0625,10.125,9.8125,9.875],"tintindex":0,"rotation":0,"texture":"#0"},"down":{"uv":[0.25,9.9375,0.0,10.1875],"tintindex":0,"rotation":0,"texture":"#0"}}},{"from":[8.001296,7.4683332,5.982514],"to":[13.667963,8.468333,6.982514],"faces":{"east":{"uv":[2.3125,10.125,2.5,10.3125],"tintindex":0,"rotation":0,"texture":"#0"},"south":{"uv":[8.3125,0.5625,9.375,0.75],"tintindex":0,"rotation":0,"texture":"#0"},"north":{"uv":[7.875,4.375,8.9375,4.5625],"tintindex":0,"rotation":0,"texture":"#0"},"west":{"uv":[10.125,2.3125,10.3125,2.5],"tintindex":0,"rotation":0,"texture":"#0"},"up":{"uv":[9.375,1.0,8.3125,0.8125],"tintindex":0,"rotation":0,"texture":"#0"},"down":{"uv":[9.375,7.1875,8.3125,7.375],"tintindex":0,"rotation":0,"texture":"#0"}},"rotation":{"origin":[8.501296,7.9683332,7.149181],"angle":-22.5,"axis":"y"}},{"from":[7.9977264,8.0003805,5.982514],"to":[23.331059,8.0003805,24.982515],"faces":{"up":{"uv":[2.875,3.5625,0.0,0.0],"tintindex":0,"rotation":0,"texture":"#0"},"down":{"uv":[5.8125,0.0,2.9375,3.5625],"tintindex":0,"rotation":0,"texture":"#0"}}}],"display":{"gui":{"rotation":[30,225,0]}}}