{"textures":{"0":"modelengine:entity/fx_terra_wall"},"elements":[{"from":[14.697778,6.3650084,8.013304],"to":[16.457779,7.2450085,9.773303],"faces":{"east":{"uv":[6.75,2.625,7.0,2.75],"tintindex":0,"rotation":0,"texture":"#0"},"south":{"uv":[6.125,4.0,6.375,4.125],"tintindex":0,"rotation":0,"texture":"#0"},"north":{"uv":[6.75,2.375,7.0,2.5],"tintindex":0,"rotation":0,"texture":"#0"},"west":{"uv":[6.5,4.0,6.75,4.125],"tintindex":0,"rotation":0,"texture":"#0"},"up":{"uv":[4.0,6.5,4.25,6.75],"tintindex":0,"rotation":0,"texture":"#0"},"down":{"uv":[5.375,6.875,5.625,6.625],"tintindex":0,"rotation":0,"texture":"#0"}},"rotation":{"origin":[5.8977776,13.044193,7.6069155],"angle":-22.5,"axis":"x"}},{"from":[12.057777,7.6781697,-6.4730844],"to":[16.457779,9.4381695,-3.833084],"faces":{"east":{"uv":[3.0,6.5,3.375,6.75],"tintindex":0,"rotation":0,"texture":"#0"},"south":{"uv":[6.0,5.375,6.625,5.625],"tintindex":0,"rotation":0,"texture":"#0"},"north":{"uv":[6.0,5.0,6.625,5.25],"tintindex":0,"rotation":0,"texture":"#0"},"west":{"uv":[3.5,6.5,3.875,6.75],"tintindex":0,"rotation":0,"texture":"#0"},"up":{"uv":[6.0,3.625,5.375,3.25],"tintindex":0,"rotation":0,"texture":"#0"},"down":{"uv":[6.0,3.75,5.375,4.125],"tintindex":0,"rotation":0,"texture":"#0"}},"rotation":{"origin":[5.8977776,13.044193,7.6069155],"angle":-45.0,"axis":"y"}},{"from":[5.93139,6.8050084,10.246916],"to":[9.45139,8.565008,12.886915],"faces":{"east":{"uv":[2.5,6.5,2.875,6.75],"tintindex":0,"rotation":0,"texture":"#0"},"south":{"uv":[6.125,3.25,6.625,3.5],"tintindex":0,"rotation":0,"texture":"#0"},"north":{"uv":[6.125,3.625,6.625,3.875],"tintindex":0,"rotation":0,"texture":"#0"},"west":{"uv":[2.0,6.5,2.375,6.75],"tintindex":0,"rotation":0,"texture":"#0"},"up":{"uv":[5.375,4.25,5.875,4.625],"tintindex":0,"rotation":0,"texture":"#0"},"down":{"uv":[5.375,5.125,5.875,4.75],"tintindex":0,"rotation":0,"texture":"#0"}},"rotation":{"origin":[5.8977776,13.044193,7.6069155],"angle":-22.5,"axis":"z"}},{"from":[-4.662223,6.3650084,5.4405274],"to":[-2.9022226,7.2450085,7.200527],"faces":{"east":{"uv":[6.5,4.0,6.75,4.125],"tintindex":0,"rotation":0,"texture":"#0"},"south":{"uv":[6.75,2.375,7.0,2.5],"tintindex":0,"rotation":0,"texture":"#0"},"north":{"uv":[6.125,4.0,6.375,4.125],"tintindex":0,"rotation":0,"texture":"#0"},"west":{"uv":[6.75,2.625,7.0,2.75],"tintindex":0,"rotation":0,"texture":"#0"},"up":{"uv":[4.25,6.75,4.0,6.5],"tintindex":0,"rotation":0,"texture":"#0"},"down":{"uv":[5.625,6.625,5.375,6.875],"tintindex":0,"rotation":0,"texture":"#0"}},"rotation":{"origin":[5.8977776,13.044193,7.6069155],"angle":22.5,"axis":"x"}},{"from":[-4.662223,7.6781697,19.046915],"to":[-0.2622223,9.4381695,21.686916],"faces":{"east":{"uv":[3.5,6.5,3.875,6.75],"tintindex":0,"rotation":0,"texture":"#0"},"south":{"uv":[6.0,5.0,6.625,5.25],"tintindex":0,"rotation":0,"texture":"#0"},"north":{"uv":[6.0,5.375,6.625,5.625],"tintindex":0,"rotation":0,"texture":"#0"},"west":{"uv":[3.0,6.5,3.375,6.75],"tintindex":0,"rotation":0,"texture":"#0"},"up":{"uv":[5.375,3.25,6.0,3.625],"tintindex":0,"rotation":0,"texture":"#0"},"down":{"uv":[5.375,4.125,6.0,3.75],"tintindex":0,"rotation":0,"texture":"#0"}},"rotation":{"origin":[5.8977776,13.044193,7.6069155],"angle":-45.0,"axis":"y"}},{"from":[2.3441658,6.8050084,2.3269153],"to":[5.8641653,8.565008,4.966915],"faces":{"east":{"uv":[2.0,6.5,2.375,6.75],"tintindex":0,"rotation":0,"texture":"#0"},"south":{"uv":[6.125,3.625,6.625,3.875],"tintindex":0,"rotation":0,"texture":"#0"},"north":{"uv":[6.125,3.25,6.625,3.5],"tintindex":0,"rotation":0,"texture":"#0"},"west":{"uv":[2.5,6.5,2.875,6.75],"tintindex":0,"rotation":0,"texture":"#0"},"up":{"uv":[5.875,4.625,5.375,4.25],"tintindex":0,"rotation":0,"texture":"#0"},"down":{"uv":[5.875,4.75,5.375,5.125],"tintindex":0,"rotation":0,"texture":"#0"}},"rotation":{"origin":[5.8977776,13.044193,7.6069155],"angle":22.5,"axis":"z"}},{"from":[17.337776,9.444433,1.4146905],"to":[19.097778,10.324433,3.1746902],"faces":{"east":{"uv":[6.75,4.5,7.0,4.625],"tintindex":0,"rotation":0,"texture":"#0"},"south":{"uv":[6.75,4.75,7.0,4.875],"tintindex":0,"rotation":0,"texture":"#0"},"north":{"uv":[6.75,4.25,7.0,4.375],"tintindex":0,"rotation":0,"texture":"#0"},"west":{"uv":[6.75,5.0,7.0,5.125],"tintindex":0,"rotation":0,"texture":"#0"},"up":{"uv":[6.875,6.375,6.625,6.125],"tintindex":0,"rotation":0,"texture":"#0"},"down":{"uv":[6.75,6.625,6.5,6.875],"tintindex":0,"rotation":0,"texture":"#0"}},"rotation":{"origin":[5.8977776,13.044193,7.6069155],"angle":-22.5,"axis":"x"}},{"from":[-3.7822227,9.004434,11.379141],"to":[-0.2622223,10.764434,14.01914],"faces":{"east":{"uv":[6.625,2.0,7.0,2.25],"tintindex":0,"rotation":0,"texture":"#0"},"south":{"uv":[5.375,6.25,5.875,6.5],"tintindex":0,"rotation":0,"texture":"#0"},"north":{"uv":[6.0,6.25,6.5,6.5],"tintindex":0,"rotation":0,"texture":"#0"},"west":{"uv":[6.5,5.75,6.875,6.0],"tintindex":0,"rotation":0,"texture":"#0"},"up":{"uv":[5.375,5.25,5.875,5.625],"tintindex":0,"rotation":0,"texture":"#0"},"down":{"uv":[5.375,6.125,5.875,5.75],"tintindex":0,"rotation":0,"texture":"#0"}},"rotation":{"origin":[5.8977776,13.044193,7.6069155],"angle":22.5,"axis":"x"}},{"from":[18.217777,9.004434,11.159141],"to":[22.617777,10.764434,14.67914],"faces":{"east":{"uv":[6.125,2.875,6.625,3.125],"tintindex":0,"rotation":0,"texture":"#0"},"south":{"uv":[6.0,4.25,6.625,4.5],"tintindex":0,"rotation":0,"texture":"#0"},"north":{"uv":[6.0,4.625,6.625,4.875],"tintindex":0,"rotation":0,"texture":"#0"},"west":{"uv":[6.125,2.5,6.625,2.75],"tintindex":0,"rotation":0,"texture":"#0"},"up":{"uv":[5.375,2.0,6.0,2.5],"tintindex":0,"rotation":0,"texture":"#0"},"down":{"uv":[5.375,3.125,6.0,2.625],"tintindex":0,"rotation":0,"texture":"#0"}},"rotation":{"origin":[5.8977776,13.044193,7.6069155],"angle":22.5,"axis":"x"}}],"display":{"gui":{"rotation":[30,225,0]}}}