{"textures":{"0":"modelengine:entity/shadow_archer","2":"modelengine:entity/shadow_spirit"},"elements":[{"from":[5.7586584,1.8843155,4.8726134],"to":[11.758658,7.8843155,10.872614],"faces":{"east":{"uv":[4.4375,1.125,4.8125,1.5],"tintindex":0,"rotation":0,"texture":"#0"},"south":{"uv":[4.4375,1.125,4.8125,1.5],"tintindex":0,"rotation":0,"texture":"#0"},"north":{"uv":[4.4375,1.125,4.8125,1.5],"tintindex":0,"rotation":0,"texture":"#0"},"west":{"uv":[4.4375,1.125,4.8125,1.5],"tintindex":0,"rotation":0,"texture":"#0"},"up":{"uv":[4.8125,3.75,4.4375,3.375],"tintindex":0,"rotation":0,"texture":"#0"},"down":{"uv":[4.0625,4.4375,3.6875,4.8125],"tintindex":0,"rotation":0,"texture":"#0"}}},{"from":[6.2586584,-0.085354805,5.372614],"to":[11.258658,7.914646,10.372614],"faces":{"east":{"uv":[0.0,4.0625,0.3125,4.5625],"tintindex":0,"rotation":0,"texture":"#0"},"south":{"uv":[1.0625,4.125,1.375,4.625],"tintindex":0,"rotation":0,"texture":"#0"},"north":{"uv":[4.0,2.375,4.3125,2.875],"tintindex":0,"rotation":0,"texture":"#0"},"west":{"uv":[1.4375,4.125,1.75,4.625],"tintindex":0,"rotation":0,"texture":"#0"},"up":{"uv":[1.9375,5.0,1.625,4.6875],"tintindex":0,"rotation":0,"texture":"#0"},"down":{"uv":[2.3125,4.6875,2.0,5.0],"tintindex":0,"rotation":0,"texture":"#0"}}},{"from":[8.258658,1.8435783,5.786827],"to":[8.258658,12.843578,21.786827],"faces":{"east":{"uv":[4.0,3.0,0.0,5.75],"tintindex":0,"rotation":0,"texture":"#2"},"south":{"uv":[3.9375,2.9375,4.25,3.4375],"tintindex":0,"rotation":0,"texture":"#2"},"north":{"uv":[3.875,3.875,4.1875,4.375],"tintindex":0,"rotation":0,"texture":"#2"},"west":{"uv":[0.0,3.0,4.0,5.75],"tintindex":0,"rotation":0,"texture":"#2"},"up":{"uv":[1.1875,5.0,0.875,4.6875],"tintindex":0,"rotation":0,"texture":"#2"},"down":{"uv":[1.5625,4.6875,1.25,5.0],"tintindex":0,"rotation":0,"texture":"#2"}},"rotation":{"origin":[8.258658,9.343578,14.786827],"angle":-22.5,"axis":"x"}}],"display":{"gui":{"rotation":[30,225,0]}}}