{"textures":{"0":"modelengine:entity/beast_fenrir"},"elements":[{"from":[9.87,2.5693474,14.958094],"to":[9.87,12.569347,21.958094],"faces":{"east":{"uv":[6.1875,4.8125,5.75,5.4375],"tintindex":0,"rotation":0,"texture":"#0"},"west":{"uv":[4.8125,5.75,4.375,6.375],"tintindex":0,"rotation":0,"texture":"#0"}},"rotation":{"origin":[4.016527,1.0841379,19.572414],"angle":-22.5,"axis":"x"}},{"from":[4.87,1.5693474,7.9580936],"to":[9.87,12.569347,14.958094],"faces":{"east":{"uv":[5.875,1.9375,5.4375,2.625],"tintindex":0,"rotation":0,"texture":"#0"},"south":{"uv":[1.75,6.5625,1.4375,7.25],"tintindex":0,"rotation":0,"texture":"#0"},"north":{"uv":[5.625,6.5,5.3125,7.1875],"tintindex":0,"rotation":0,"texture":"#0"},"west":{"uv":[1.125,5.375,0.6875,6.0625],"tintindex":0,"rotation":0,"texture":"#0"},"up":{"uv":[1.9375,7.75,2.25,7.3125],"tintindex":0,"rotation":0,"texture":"#0"},"down":{"uv":[7.3125,3.625,7.625,4.0625],"tintindex":0,"rotation":0,"texture":"#0"}},"rotation":{"origin":[4.016527,1.0841379,19.572414],"angle":-22.5,"axis":"x"}}],"display":{"gui":{"rotation":[30,225,0]}}}