{"textures":{"0":"modelengine:entity/beast_fenrir"},"elements":[{"from":[9.977273,-0.9843025,8.915636],"to":[9.977273,9.0156975,15.915636],"faces":{"east":{"uv":[2.625,5.875,2.1875,6.5],"tintindex":0,"rotation":0,"texture":"#0"},"west":{"uv":[2.125,5.875,1.6875,6.5],"tintindex":0,"rotation":0,"texture":"#0"}},"rotation":{"origin":[6.714773,0.69193554,6.928548],"angle":22.5,"axis":"x"}},{"from":[3.977273,-2.9843025,0.91563654],"to":[9.977273,9.0156975,8.915636],"faces":{"east":{"uv":[5.0,3.5625,4.5,4.3125],"tintindex":0,"rotation":0,"texture":"#0"},"south":{"uv":[6.0625,4.0,5.6875,4.75],"tintindex":0,"rotation":0,"texture":"#0"},"north":{"uv":[6.0625,3.1875,5.6875,3.9375],"tintindex":0,"rotation":0,"texture":"#0"},"west":{"uv":[2.125,4.125,1.625,4.875],"tintindex":0,"rotation":0,"texture":"#0"},"up":{"uv":[0.0,7.125,0.375,6.625],"tintindex":0,"rotation":0,"texture":"#0"},"down":{"uv":[6.625,2.1875,7.0,2.6875],"tintindex":0,"rotation":0,"texture":"#0"}},"rotation":{"origin":[6.714773,0.69193554,6.928548],"angle":22.5,"axis":"x"}}],"display":{"gui":{"rotation":[30,225,0]}}}