{"textures":{"0":"modelengine:entity/beast_fenrir"},"elements":[{"from":[1.5,3.3321571,-6.3321886],"to":[1.5,15.332157,4.6678114],"faces":{"east":{"uv":[2.5625,2.3125,3.25,3.0625],"tintindex":0,"rotation":0,"texture":"#0"},"west":{"uv":[2.5625,3.125,3.25,3.875],"tintindex":0,"rotation":0,"texture":"#0"}},"rotation":{"origin":[3.0,7.832157,-6.607188],"angle":-22.5,"axis":"y"}},{"from":[2.0,1.3267536,-4.7315235],"to":[14.0,13.326754,8.2684765],"faces":{"east":{"uv":[0.875,0.0,1.6875,0.75],"tintindex":0,"rotation":0,"texture":"#0"},"south":{"uv":[1.75,0.0,2.5,0.75],"tintindex":0,"rotation":0,"texture":"#0"},"north":{"uv":[0.0,1.75,0.75,2.5],"tintindex":0,"rotation":0,"texture":"#0"},"west":{"uv":[0.875,0.8125,1.6875,1.5625],"tintindex":0,"rotation":0,"texture":"#0"},"up":{"uv":[1.625,2.4375,0.875,1.625],"tintindex":0,"rotation":0,"texture":"#0"},"down":{"uv":[2.4375,1.625,1.6875,2.4375],"tintindex":0,"rotation":0,"texture":"#0"}}},{"from":[1.5,3.68571,-12.917849],"to":[14.5,14.685711,0.08215141],"faces":{"east":{"uv":[0.8125,2.5,1.625,3.1875],"tintindex":0,"rotation":0,"texture":"#0"},"south":{"uv":[2.5,1.5625,3.3125,2.25],"tintindex":0,"rotation":0,"texture":"#0"},"north":{"uv":[1.75,0.8125,2.5625,1.5],"tintindex":0,"rotation":0,"texture":"#0"},"west":{"uv":[1.6875,2.5,2.5,3.1875],"tintindex":0,"rotation":0,"texture":"#0"},"up":{"uv":[0.8125,0.8125,0.0,0.0],"tintindex":0,"rotation":0,"texture":"#0"},"down":{"uv":[0.8125,0.875,0.0,1.6875],"tintindex":0,"rotation":0,"texture":"#0"}},"rotation":{"origin":[9.5,8.185711,-7.6678486],"angle":45.0,"axis":"x"}},{"from":[14.5,3.3321571,-6.3321886],"to":[14.5,15.332157,4.6678114],"faces":{"east":{"uv":[0.0,2.5625,0.6875,3.3125],"tintindex":0,"rotation":0,"texture":"#0"},"west":{"uv":[2.5625,0.0,3.25,0.75],"tintindex":0,"rotation":0,"texture":"#0"}},"rotation":{"origin":[13.0,7.832157,-6.607188],"angle":22.5,"axis":"y"}}],"display":{"gui":{"rotation":[30,225,0]}}}