{"textures":{"0":"modelengine:entity/mf_deceptor_death_vfx"},"elements":[{"from":[-8.25,-3.4726105,-6.146475],"to":[16.75,21.52739,19.853525],"faces":{"east":{"uv":[9.909091,0.0,12.272728,2.2727273],"tintindex":0,"rotation":0,"texture":"#0"},"south":{"uv":[10.545455,6.818182,12.818182,9.090909],"tintindex":0,"rotation":0,"texture":"#0"},"north":{"uv":[10.545455,4.5454545,12.818182,6.818182],"tintindex":0,"rotation":0,"texture":"#0"},"west":{"uv":[9.909091,2.2727273,12.272728,4.5454545],"tintindex":0,"rotation":0,"texture":"#0"},"up":{"uv":[4.909091,12.272728,2.6363637,9.909091],"tintindex":0,"rotation":0,"texture":"#0"},"down":{"uv":[7.1818185,9.909091,4.909091,12.272728],"tintindex":0,"rotation":0,"texture":"#0"}},"rotation":{"origin":[5.75,18.52739,2.3535252],"angle":-22.5,"axis":"x"}}],"display":{"gui":{"rotation":[30,225,0]}}}