{"textures":{"0":"modelengine:entity/mf_deceptor_death_vfx"},"elements":[{"from":[13.946459,-4.5,-9.423664],"to":[13.946459,20.5,8.576336],"faces":{"east":{"uv":[12.272728,0.0,13.909091,2.2727273],"tintindex":0,"rotation":0,"texture":"#0"},"west":{"uv":[12.272728,2.2727273,13.909091,4.5454545],"tintindex":0,"rotation":0,"texture":"#0"}},"rotation":{"origin":[7.946459,10.5,-0.4236641],"angle":-45.0,"axis":"y"}}],"display":{"gui":{"rotation":[30,225,0]}}}