{"textures":{"0":"modelengine:entity/mf_deceptor_death_vfx"},"elements":[{"from":[5.7093315,-6.5,9.94762],"to":[25.709332,13.5,9.94762],"faces":{"south":{"uv":[0.0,3.6363637,3.6363637,7.2727275],"tintindex":0,"rotation":0,"texture":"#0"},"north":{"uv":[0.0,0.0,3.6363637,3.6363637],"tintindex":0,"rotation":0,"texture":"#0"}},"rotation":{"origin":[12.9593315,0.75,9.94762],"angle":-22.5,"axis":"y"}}],"display":{"gui":{"rotation":[30,225,0]}}}