{"textures":{"0":"modelengine:entity/mf_deceptor_death_vfx"},"elements":[{"from":[6.0,-1.5,6.0],"to":[10.0,9.5,10.0],"faces":{"east":{"uv":[2.0,13.545455,2.3636365,14.545455],"tintindex":0,"rotation":0,"texture":"#0"},"south":{"uv":[7.909091,13.909091,8.272728,14.909091],"tintindex":0,"rotation":0,"texture":"#0"},"north":{"uv":[2.0,12.545455,2.3636365,13.545455],"tintindex":0,"rotation":0,"texture":"#0"},"west":{"uv":[8.272728,13.909091,8.636364,14.909091],"tintindex":0,"rotation":0,"texture":"#0"},"up":{"uv":[1.4545455,14.545455,1.0909091,14.181819],"tintindex":0,"rotation":0,"texture":"#0"},"down":{"uv":[1.8181819,14.181819,1.4545455,14.545455],"tintindex":0,"rotation":0,"texture":"#0"}}}],"display":{"gui":{"rotation":[30,225,0]}}}