{"textures":{"0":"modelengine:entity/mf_deceptor_death_vfx"},"elements":[{"from":[6.125,-1.75,8.0],"to":[20.625,12.75,8.0],"faces":{"south":{"uv":[7.2727275,2.6363637,9.909091,5.2727275],"tintindex":0,"rotation":0,"texture":"#0"},"north":{"uv":[2.6363637,7.2727275,5.2727275,9.909091],"tintindex":0,"rotation":0,"texture":"#0"}}}],"display":{"gui":{"rotation":[30,225,0]}}}