{"textures":{"0":"modelengine:entity/shadow_archer","2":"modelengine:entity/shadow_spirit"},"elements":[{"from":[4.7413416,-0.085354805,5.372614],"to":[9.741342,7.914646,10.372614],"faces":{"east":{"uv":[1.75,4.125,1.4375,4.625],"tintindex":0,"rotation":0,"texture":"#0"},"south":{"uv":[1.375,4.125,1.0625,4.625],"tintindex":0,"rotation":0,"texture":"#0"},"north":{"uv":[4.3125,2.375,4.0,2.875],"tintindex":0,"rotation":0,"texture":"#0"},"west":{"uv":[0.3125,4.0625,0.0,4.5625],"tintindex":0,"rotation":0,"texture":"#0"},"up":{"uv":[1.625,5.0,1.9375,4.6875],"tintindex":0,"rotation":0,"texture":"#0"},"down":{"uv":[2.0,4.6875,2.3125,5.0],"tintindex":0,"rotation":0,"texture":"#0"}}},{"from":[4.2413416,1.8843155,4.8726134],"to":[10.241342,7.8843155,10.872614],"faces":{"east":{"uv":[4.8125,1.125,4.4375,1.5],"tintindex":0,"rotation":0,"texture":"#0"},"south":{"uv":[4.8125,1.125,4.4375,1.5],"tintindex":0,"rotation":0,"texture":"#0"},"north":{"uv":[4.8125,1.125,4.4375,1.5],"tintindex":0,"rotation":0,"texture":"#0"},"west":{"uv":[4.8125,1.125,4.4375,1.5],"tintindex":0,"rotation":0,"texture":"#0"},"up":{"uv":[4.4375,3.75,4.8125,3.375],"tintindex":0,"rotation":0,"texture":"#0"},"down":{"uv":[3.6875,4.4375,4.0625,4.8125],"tintindex":0,"rotation":0,"texture":"#0"}}},{"from":[7.7413416,1.8435783,5.786827],"to":[7.7413416,12.843578,21.786827],"faces":{"east":{"uv":[4.0,3.0,0.0,5.75],"tintindex":0,"rotation":0,"texture":"#2"},"south":{"uv":[4.25,2.9375,3.9375,3.4375],"tintindex":0,"rotation":0,"texture":"#2"},"north":{"uv":[4.1875,3.875,3.875,4.375],"tintindex":0,"rotation":0,"texture":"#2"},"west":{"uv":[0.0,3.0,4.0,5.75],"tintindex":0,"rotation":0,"texture":"#2"},"up":{"uv":[0.875,5.0,1.1875,4.6875],"tintindex":0,"rotation":0,"texture":"#2"},"down":{"uv":[1.25,4.6875,1.5625,5.0],"tintindex":0,"rotation":0,"texture":"#2"}},"rotation":{"origin":[7.7413416,9.343578,14.786827],"angle":-22.5,"axis":"x"}}],"display":{"gui":{"rotation":[30,225,0]}}}