{"textures":{"0":"modelengine:entity/mf_deceptor_spawner"},"elements":[{"from":[5.0,8.25,5.0],"to":[11.0,9.25,11.0],"faces":{"east":{"uv":[13.222222,12.111112,13.888889,12.222222],"tintindex":0,"rotation":0,"texture":"#0"},"south":{"uv":[13.222222,12.222222,13.888889,12.333333],"tintindex":0,"rotation":0,"texture":"#0"},"north":{"uv":[11.222222,8.888889,11.888889,9.0],"tintindex":0,"rotation":0,"texture":"#0"},"west":{"uv":[13.222222,12.333333,13.888889,12.444445],"tintindex":0,"rotation":0,"texture":"#0"},"up":{"uv":[5.555556,14.0,4.888889,13.333333],"tintindex":0,"rotation":0,"texture":"#0"},"down":{"uv":[6.2222223,13.333333,5.555556,14.0],"tintindex":0,"rotation":0,"texture":"#0"}}},{"from":[6.1,5.6500015,3.5],"to":[16.1,21.650002,3.5],"faces":{"south":{"uv":[6.0,11.555555,7.111111,13.333333],"tintindex":0,"rotation":0,"texture":"#0"},"north":{"uv":[4.888889,11.555555,6.0,13.333333],"tintindex":0,"rotation":0,"texture":"#0"}},"rotation":{"origin":[11.1,12.549999,3.5],"angle":22.5,"axis":"z"}},{"from":[-0.8500004,5.0,3.6],"to":[8.15,23.0,3.6],"faces":{"south":{"uv":[3.8888888,11.555555,4.888889,13.555555],"tintindex":0,"rotation":0,"texture":"#0"},"north":{"uv":[2.8888888,11.555555,3.8888888,13.555555],"tintindex":0,"rotation":0,"texture":"#0"}}},{"from":[3.5,9.25,4.0],"to":[12.5,17.25,12.0],"faces":{"east":{"uv":[10.888889,12.444445,11.777778,13.333333],"tintindex":0,"rotation":0,"texture":"#0"},"south":{"uv":[10.111112,11.555555,11.111112,12.444445],"tintindex":0,"rotation":0,"texture":"#0"},"north":{"uv":[9.111112,11.555555,10.111112,12.444445],"tintindex":0,"rotation":0,"texture":"#0"},"west":{"uv":[11.777778,12.444445,12.666667,13.333333],"tintindex":0,"rotation":0,"texture":"#0"},"up":{"uv":[12.111112,12.444445,11.111112,11.555555],"tintindex":0,"rotation":0,"texture":"#0"},"down":{"uv":[13.0,8.444445,12.0,9.333333],"tintindex":0,"rotation":0,"texture":"#0"}}}],"display":{"gui":{"rotation":[30,225,0]}}}