{"textures":{"0":"modelengine:entity/mf_deceptor_spawner"},"elements":[{"from":[4.0,9.0,5.0],"to":[12.0,17.0,11.0],"faces":{"east":{"uv":[13.0,8.111112,13.666667,9.0],"tintindex":0,"rotation":0,"texture":"#0"},"south":{"uv":[10.0,12.444445,10.888889,13.333333],"tintindex":0,"rotation":0,"texture":"#0"},"north":{"uv":[9.111112,12.444445,10.0,13.333333],"tintindex":0,"rotation":0,"texture":"#0"},"west":{"uv":[12.666667,13.0,13.333333,13.888889],"tintindex":0,"rotation":0,"texture":"#0"},"up":{"uv":[8.0,13.777778,7.111111,13.111112],"tintindex":0,"rotation":0,"texture":"#0"},"down":{"uv":[14.0,9.0,13.111112,9.666667],"tintindex":0,"rotation":0,"texture":"#0"}}}],"display":{"gui":{"rotation":[30,225,0]}}}