{"textures":{"0":"modelengine:entity/beast_turtle"},"elements":[{"from":[2.1187496,0.28134346,8.208382],"to":[6.1187496,8.281343,8.208382],"faces":{"south":{"uv":[7.0,10.625,6.5,11.625],"tintindex":0,"rotation":0,"texture":"#0"},"north":{"uv":[6.5,10.625,7.0,11.625],"tintindex":0,"rotation":0,"texture":"#0"}},"rotation":{"origin":[15.11875,5.2813435,6.2083817],"angle":-22.5,"axis":"x"}},{"from":[6.1187496,0.28134346,5.2083817],"to":[13.11875,8.281343,12.208382],"faces":{"east":{"uv":[9.25,7.125,10.125,8.125],"tintindex":0,"rotation":0,"texture":"#0"},"south":{"uv":[9.0,0.875,9.875,1.875],"tintindex":0,"rotation":0,"texture":"#0"},"north":{"uv":[9.0,0.875,9.875,1.875],"tintindex":0,"rotation":0,"texture":"#0"},"west":{"uv":[9.25,7.125,10.125,8.125],"tintindex":0,"rotation":0,"texture":"#0"},"up":{"uv":[10.5,2.875,9.625,2.0],"tintindex":0,"rotation":0,"texture":"#0"},"down":{"uv":[10.5,2.0,9.625,2.875],"tintindex":0,"rotation":0,"texture":"#0"}},"rotation":{"origin":[15.11875,5.2813435,6.2083817],"angle":-22.5,"axis":"x"}}],"display":{"gui":{"rotation":[30,225,0]}}}