{"textures":{"0":"modelengine:entity/forzen_element_pet"},"elements":[{"from":[6.24,5.8025,6.1775],"to":[9.76,10.5725,10.4475],"faces":{"east":{"uv":[13.538462,3.692308,14.23077,4.461539],"tintindex":0,"rotation":0,"texture":"#0"},"south":{"uv":[14.000001,0.0,14.538462,0.7692308],"tintindex":0,"rotation":0,"texture":"#0"},"north":{"uv":[13.846154,9.538462,14.384616,10.307693],"tintindex":0,"rotation":0,"texture":"#0"},"west":{"uv":[3.5384617,13.692308,4.230769,14.461539],"tintindex":0,"rotation":0,"texture":"#0"},"up":{"uv":[14.538462,8.538462,14.000001,7.846154],"tintindex":0,"rotation":0,"texture":"#0"},"down":{"uv":[14.538462,8.615385,14.000001,9.307693],"tintindex":0,"rotation":0,"texture":"#0"}}},{"from":[6.5,0.8125,7.4375],"to":[9.5,6.8125,10.4375],"faces":{"east":{"uv":[10.923078,13.692308,11.384616,14.615385],"tintindex":0,"rotation":0,"texture":"#0"},"south":{"uv":[11.384616,13.692308,11.846154,14.615385],"tintindex":0,"rotation":0,"texture":"#0"},"north":{"uv":[10.461539,13.692308,10.923078,14.615385],"tintindex":0,"rotation":0,"texture":"#0"},"west":{"uv":[13.692308,11.692308,14.153847,12.615385],"tintindex":0,"rotation":0,"texture":"#0"},"up":{"uv":[14.615385,3.692308,14.153847,3.2307694],"tintindex":0,"rotation":0,"texture":"#0"},"down":{"uv":[14.615385,5.846154,14.153847,6.3076925],"tintindex":0,"rotation":0,"texture":"#0"}}}],"display":{"gui":{"rotation":[30,225,0]}}}