{"textures":{"0":"modelengine:entity/forzen_element_pet"},"elements":[{"from":[6.625,2.6875,6.375],"to":[6.625,13.8125,25.125],"faces":{"east":{"uv":[0.0,7.0769234,5.769231,10.538462],"tintindex":0,"rotation":0,"texture":"#0"},"west":{"uv":[5.846154,7.0769234,11.615385,10.538462],"tintindex":0,"rotation":0,"texture":"#0"}},"rotation":{"origin":[8.0,8.0,8.0],"angle":-22.5,"axis":"y"}},{"from":[8.0,2.6875,6.375],"to":[8.0,13.8125,25.125],"faces":{"east":{"uv":[0.0,0.0,5.769231,3.4615386],"tintindex":0,"rotation":0,"texture":"#0"},"west":{"uv":[0.0,3.5384617,5.769231,7.0000005],"tintindex":0,"rotation":0,"texture":"#0"}}},{"from":[9.375,2.6875,6.375],"to":[9.375,13.8125,25.125],"faces":{"east":{"uv":[5.846154,0.0,11.615385,3.4615386],"tintindex":0,"rotation":0,"texture":"#0"},"west":{"uv":[5.846154,3.5384617,11.615385,7.0000005],"tintindex":0,"rotation":0,"texture":"#0"}},"rotation":{"origin":[8.0,8.0,8.0],"angle":22.5,"axis":"y"}}],"display":{"gui":{"rotation":[30,225,0]}}}