{"textures":{"0":"modelengine:entity/forzen_element_pet"},"elements":[{"from":[5.75,5.875,7.5],"to":[10.25,10.125,16.0],"faces":{"east":{"uv":[12.769231,2.1538463,14.076923,2.846154],"tintindex":0,"rotation":0,"texture":"#0"},"south":{"uv":[7.2307696,13.692308,7.923077,14.384616],"tintindex":0,"rotation":0,"texture":"#0"},"north":{"uv":[6.461539,13.692308,7.1538463,14.384616],"tintindex":0,"rotation":0,"texture":"#0"},"west":{"uv":[12.769231,2.923077,14.076923,3.6153848],"tintindex":0,"rotation":0,"texture":"#0"},"up":{"uv":[13.461539,5.0,12.769231,3.692308],"tintindex":0,"rotation":0,"texture":"#0"},"down":{"uv":[13.615385,5.0769234,12.923078,6.3846154],"tintindex":0,"rotation":0,"texture":"#0"}}}],"display":{"gui":{"rotation":[30,225,0]}}}