{"textures":{"0":"modelengine:entity/forzen_element_pet"},"elements":[{"from":[5.25,5.375,7.75],"to":[10.75,10.625,18.25],"faces":{"east":{"uv":[11.076923,11.692308,12.692308,12.538462],"tintindex":0,"rotation":0,"texture":"#0"},"south":{"uv":[12.923078,9.538462,13.769231,10.384616],"tintindex":0,"rotation":0,"texture":"#0"},"north":{"uv":[12.769231,11.692308,13.615385,12.538462],"tintindex":0,"rotation":0,"texture":"#0"},"west":{"uv":[0.0,12.461539,1.6153847,13.307693],"tintindex":0,"rotation":0,"texture":"#0"},"up":{"uv":[2.5384617,14.076923,1.6923077,12.461539],"tintindex":0,"rotation":0,"texture":"#0"},"down":{"uv":[3.4615386,12.461539,2.6153848,14.076923],"tintindex":0,"rotation":0,"texture":"#0"}}}],"display":{"gui":{"rotation":[30,225,0]}}}