{"textures":{"0":"modelengine:entity/lr_gryffin_corvid"},"elements":[{"from":[3.75,4.5,-10.25],"to":[12.25,4.5,-5.75],"faces":{"up":{"uv":[7.25,8.3125,6.1875,7.75],"tintindex":0,"rotation":0,"texture":"#0"},"down":{"uv":[8.875,0.9375,7.8125,1.5],"tintindex":0,"rotation":0,"texture":"#0"}},"rotation":{"origin":[8.0,4.5,-8.0],"angle":45.0,"axis":"x"}},{"from":[3.75,4.044883,-8.804512],"to":[12.25,13.544883,0.19548798],"faces":{"east":{"uv":[5.875,0.0,7.0,1.1875],"tintindex":0,"rotation":0,"texture":"#0"},"south":{"uv":[4.1875,6.0625,5.25,7.25],"tintindex":0,"rotation":0,"texture":"#0"},"north":{"uv":[5.875,2.375,6.9375,3.5625],"tintindex":0,"rotation":0,"texture":"#0"},"west":{"uv":[7.0,0.0,5.875,1.1875],"tintindex":0,"rotation":0,"texture":"#0"},"up":{"uv":[1.0625,7.375,0.0,6.25],"tintindex":0,"rotation":0,"texture":"#0"},"down":{"uv":[2.125,6.25,1.0625,7.375],"tintindex":0,"rotation":0,"texture":"#0"}},"rotation":{"origin":[7.75,7.044883,-4.054512],"angle":22.5,"axis":"x"}},{"from":[7.75,11.423696,-2.6405811],"to":[7.75,14.423696,11.359418],"faces":{"east":{"uv":[9.1875,3.3125,7.4375,3.6875],"tintindex":0,"rotation":0,"texture":"#0"},"west":{"uv":[7.4375,3.3125,9.1875,3.6875],"tintindex":0,"rotation":0,"texture":"#0"}}},{"from":[4.25,4.423695,-1.1405821],"to":[11.25,11.423696,11.359418],"faces":{"east":{"uv":[0.0,5.375,1.5625,6.25],"tintindex":0,"rotation":0,"texture":"#0"},"south":{"uv":[0.0,7.375,0.875,8.25],"tintindex":0,"rotation":0,"texture":"#0"},"north":{"uv":[2.125,7.3125,3.0,8.1875],"tintindex":0,"rotation":0,"texture":"#0"},"west":{"uv":[1.5625,5.375,3.125,6.25],"tintindex":0,"rotation":0,"texture":"#0"},"up":{"uv":[6.4375,5.3125,5.5625,3.75],"tintindex":0,"rotation":0,"texture":"#0"},"down":{"uv":[6.4375,5.3125,5.5625,6.875],"tintindex":0,"rotation":0,"texture":"#0"}}}],"display":{"gui":{"rotation":[30,225,0]}}}