{"textures":{"0":"modelengine:entity/lr_gryffin_corvid"},"elements":[{"from":[6.046888,6.51614,7.5],"to":[6.046888,19.51614,22.5],"faces":{"east":{"uv":[8.3125,4.625,7.375,5.4375],"tintindex":0,"rotation":0,"texture":"#0"},"west":{"uv":[1.8125,7.375,0.875,8.1875],"tintindex":0,"rotation":0,"texture":"#0"}},"rotation":{"origin":[8.046888,8.51614,9.5],"angle":22.5,"axis":"z"}},{"from":[6.199205,8.750389,14.5],"to":[6.199205,27.75039,22.5],"faces":{"east":{"uv":[6.0,7.875,5.5,9.0625],"tintindex":0,"rotation":0,"texture":"#0"},"west":{"uv":[5.5,7.875,5.0,9.0625],"tintindex":0,"rotation":0,"texture":"#0"}}},{"from":[4.668395,12.750389,22.1959],"to":[4.668395,27.75039,30.1959],"faces":{"east":{"uv":[4.5,8.25,4.0,9.1875],"tintindex":0,"rotation":0,"texture":"#0"},"west":{"uv":[4.0,8.25,3.5,9.1875],"tintindex":0,"rotation":0,"texture":"#0"}},"rotation":{"origin":[4.668395,18.25039,26.1959],"angle":-22.5,"axis":"y"}},{"from":[6.198205,7.750389,7.5],"to":[10.198205,27.75039,14.5],"faces":{"east":{"uv":[8.5,6.6875,8.0625,7.9375],"tintindex":0,"rotation":0,"texture":"#0"},"south":{"uv":[9.125,3.6875,8.875,4.9375],"tintindex":0,"rotation":0,"texture":"#0"},"north":{"uv":[7.3125,8.8125,7.0625,10.0625],"tintindex":0,"rotation":0,"texture":"#0"},"west":{"uv":[8.4375,5.4375,8.0,6.6875],"tintindex":0,"rotation":0,"texture":"#0"},"up":{"uv":[4.625,10.0,4.875,9.5625],"tintindex":0,"rotation":0,"texture":"#0"},"down":{"uv":[1.3125,9.625,1.5625,10.0625],"tintindex":0,"rotation":0,"texture":"#0"}}}],"display":{"gui":{"rotation":[30,225,0]}}}