{"textures":{"0":"modelengine:entity/beast_fenrir"},"elements":[{"from":[6.022727,-0.9843025,8.915636],"to":[6.022727,9.0156975,15.915636],"faces":{"east":{"uv":[1.6875,5.875,2.125,6.5],"tintindex":0,"rotation":0,"texture":"#0"},"west":{"uv":[2.1875,5.875,2.625,6.5],"tintindex":0,"rotation":0,"texture":"#0"}},"rotation":{"origin":[9.285227,0.69193554,6.928548],"angle":22.5,"axis":"x"}},{"from":[6.022727,-2.9843025,0.91563654],"to":[12.022727,9.0156975,8.915636],"faces":{"east":{"uv":[1.625,4.125,2.125,4.875],"tintindex":0,"rotation":0,"texture":"#0"},"south":{"uv":[5.6875,4.0,6.0625,4.75],"tintindex":0,"rotation":0,"texture":"#0"},"north":{"uv":[5.6875,3.1875,6.0625,3.9375],"tintindex":0,"rotation":0,"texture":"#0"},"west":{"uv":[4.5,3.5625,5.0,4.3125],"tintindex":0,"rotation":0,"texture":"#0"},"up":{"uv":[0.375,7.125,0.0,6.625],"tintindex":0,"rotation":0,"texture":"#0"},"down":{"uv":[7.0,2.1875,6.625,2.6875],"tintindex":0,"rotation":0,"texture":"#0"}},"rotation":{"origin":[9.285227,0.69193554,6.928548],"angle":22.5,"axis":"x"}}],"display":{"gui":{"rotation":[30,225,0]}}}