{"textures":{"0":"modelengine:entity/beast_fenrir"},"elements":[{"from":[6.13,2.5693474,14.958094],"to":[6.13,12.569347,21.958094],"faces":{"east":{"uv":[4.375,5.75,4.8125,6.375],"tintindex":0,"rotation":0,"texture":"#0"},"west":{"uv":[5.75,4.8125,6.1875,5.4375],"tintindex":0,"rotation":0,"texture":"#0"}},"rotation":{"origin":[11.983473,1.0841379,19.572414],"angle":-22.5,"axis":"x"}},{"from":[6.13,1.5693474,7.9580936],"to":[11.13,12.569347,14.958094],"faces":{"east":{"uv":[0.6875,5.375,1.125,6.0625],"tintindex":0,"rotation":0,"texture":"#0"},"south":{"uv":[1.4375,6.5625,1.75,7.25],"tintindex":0,"rotation":0,"texture":"#0"},"north":{"uv":[5.3125,6.5,5.625,7.1875],"tintindex":0,"rotation":0,"texture":"#0"},"west":{"uv":[5.4375,1.9375,5.875,2.625],"tintindex":0,"rotation":0,"texture":"#0"},"up":{"uv":[2.25,7.75,1.9375,7.3125],"tintindex":0,"rotation":0,"texture":"#0"},"down":{"uv":[7.625,3.625,7.3125,4.0625],"tintindex":0,"rotation":0,"texture":"#0"}},"rotation":{"origin":[11.983473,1.0841379,19.572414],"angle":-22.5,"axis":"x"}}],"display":{"gui":{"rotation":[30,225,0]}}}