{"textures":{"0":"modelengine:entity/lr_gryffin_corvid"},"elements":[{"from":[9.953112,6.51614,7.5],"to":[9.953112,19.51614,22.5],"faces":{"east":{"uv":[0.875,7.375,1.8125,8.1875],"tintindex":0,"rotation":0,"texture":"#0"},"west":{"uv":[7.375,4.625,8.3125,5.4375],"tintindex":0,"rotation":0,"texture":"#0"}},"rotation":{"origin":[7.953112,8.51614,9.5],"angle":-22.5,"axis":"z"}},{"from":[5.801795,7.750389,7.5],"to":[9.801795,27.75039,14.5],"faces":{"east":{"uv":[8.0,5.4375,8.4375,6.6875],"tintindex":0,"rotation":0,"texture":"#0"},"south":{"uv":[8.875,3.6875,9.125,4.9375],"tintindex":0,"rotation":0,"texture":"#0"},"north":{"uv":[7.0625,8.8125,7.3125,10.0625],"tintindex":0,"rotation":0,"texture":"#0"},"west":{"uv":[8.0625,6.6875,8.5,7.9375],"tintindex":0,"rotation":0,"texture":"#0"},"up":{"uv":[4.875,10.0,4.625,9.5625],"tintindex":0,"rotation":0,"texture":"#0"},"down":{"uv":[1.5625,9.625,1.3125,10.0625],"tintindex":0,"rotation":0,"texture":"#0"}}},{"from":[11.331605,12.750389,22.1959],"to":[11.331605,27.75039,30.1959],"faces":{"east":{"uv":[3.5,8.25,4.0,9.1875],"tintindex":0,"rotation":0,"texture":"#0"},"west":{"uv":[4.0,8.25,4.5,9.1875],"tintindex":0,"rotation":0,"texture":"#0"}},"rotation":{"origin":[11.331605,18.25039,26.1959],"angle":22.5,"axis":"y"}},{"from":[9.800795,8.750389,14.5],"to":[9.800795,27.75039,22.5],"faces":{"east":{"uv":[5.0,7.875,5.5,9.0625],"tintindex":0,"rotation":0,"texture":"#0"},"west":{"uv":[5.5,7.875,6.0,9.0625],"tintindex":0,"rotation":0,"texture":"#0"}}}],"display":{"gui":{"rotation":[30,225,0]}}}