{"textures":{"0":"modelengine:entity/fx_earth_golem"},"elements":[{"from":[-1.7365284,-8.31291,1.8479023],"to":[5.2634716,2.68709,13.847902],"faces":{"east":{"uv":[8.125,7.25,9.625,8.625],"tintindex":0,"rotation":0,"texture":"#0"},"south":{"uv":[11.25,11.0,12.125,12.375],"tintindex":0,"rotation":0,"texture":"#0"},"north":{"uv":[11.25,11.0,12.125,12.375],"tintindex":0,"rotation":0,"texture":"#0"},"west":{"uv":[8.125,7.25,9.625,8.625],"tintindex":0,"rotation":0,"texture":"#0"},"up":{"uv":[8.625,10.125,7.75,11.625],"tintindex":0,"rotation":0,"texture":"#0"},"down":{"uv":[8.625,10.125,7.75,11.625],"tintindex":0,"rotation":0,"texture":"#0"}},"rotation":{"origin":[19.585869,0.054405212,5.6130686],"angle":-45.0,"axis":"z"}},{"from":[-1.0501385,-12.1549015,2.8479023],"to":[7.9498615,2.8450985,12.847902],"faces":{"east":{"uv":[7.125,0.0,8.375,1.875],"tintindex":0,"rotation":0,"texture":"#0"},"south":{"uv":[6.875,7.25,8.0,9.125],"tintindex":0,"rotation":0,"texture":"#0"},"north":{"uv":[6.875,7.25,8.0,9.125],"tintindex":0,"rotation":0,"texture":"#0"},"west":{"uv":[7.125,0.0,8.375,1.875],"tintindex":0,"rotation":0,"texture":"#0"},"up":{"uv":[10.625,10.0,9.5,8.75],"tintindex":0,"rotation":0,"texture":"#0"},"down":{"uv":[10.625,10.0,9.5,8.75],"tintindex":0,"rotation":0,"texture":"#0"}},"rotation":{"origin":[19.585869,0.054405212,5.6130686],"angle":-22.5,"axis":"z"}},{"from":[10.028891,17.786867,5.3041954],"to":[15.028891,28.786867,11.304195],"faces":{"east":{"uv":[12.125,2.5,12.875,3.875],"tintindex":0,"rotation":0,"texture":"#0"},"south":{"uv":[0.75,12.5,1.375,13.875],"tintindex":0,"rotation":0,"texture":"#0"},"north":{"uv":[0.75,12.5,1.375,13.875],"tintindex":0,"rotation":0,"texture":"#0"},"west":{"uv":[12.125,2.5,12.875,3.875],"tintindex":0,"rotation":0,"texture":"#0"},"up":{"uv":[14.375,11.25,13.75,10.5],"tintindex":0,"rotation":0,"texture":"#0"},"down":{"uv":[14.375,11.25,13.75,10.5],"tintindex":0,"rotation":0,"texture":"#0"}},"rotation":{"origin":[19.585869,0.054405212,5.6130686],"angle":45.0,"axis":"z"}}],"display":{"gui":{"rotation":[30,225,0]}}}