{"textures":{"0":"modelengine:entity/fx_earth_golem"},"elements":[{"from":[7.2280006,-8.974361,5.6592407],"to":[15.228,0.025640488,13.659241],"faces":{"east":{"uv":[9.875,11.375,10.875,12.5],"tintindex":0,"rotation":0,"texture":"#0"},"south":{"uv":[8.75,11.375,9.75,12.5],"tintindex":0,"rotation":0,"texture":"#0"},"north":{"uv":[8.75,11.375,9.75,12.5],"tintindex":0,"rotation":0,"texture":"#0"},"west":{"uv":[9.875,11.375,10.875,12.5],"tintindex":0,"rotation":0,"texture":"#0"},"up":{"uv":[13.125,7.75,12.125,6.75],"tintindex":0,"rotation":0,"texture":"#0"},"down":{"uv":[13.125,7.75,12.125,6.75],"tintindex":0,"rotation":0,"texture":"#0"}},"rotation":{"origin":[-1.2868471,-0.4187851,7.424407],"angle":45.0,"axis":"z"}},{"from":[7.980647,-11.647022,4.6592407],"to":[16.980648,-2.6470222,14.659241],"faces":{"east":{"uv":[9.75,2.75,11.0,3.875],"tintindex":0,"rotation":0,"texture":"#0"},"south":{"uv":[9.875,0.0,11.0,1.125],"tintindex":0,"rotation":0,"texture":"#0"},"north":{"uv":[9.875,0.0,11.0,1.125],"tintindex":0,"rotation":0,"texture":"#0"},"west":{"uv":[9.75,2.75,11.0,3.875],"tintindex":0,"rotation":0,"texture":"#0"},"up":{"uv":[10.875,6.5,9.75,5.25],"tintindex":0,"rotation":0,"texture":"#0"},"down":{"uv":[10.875,6.5,9.75,5.25],"tintindex":0,"rotation":0,"texture":"#0"}},"rotation":{"origin":[-1.2868471,-0.4187851,7.424407],"angle":22.5,"axis":"z"}}],"display":{"gui":{"rotation":[30,225,0]}}}