{"textures":{"0":"modelengine:entity/chi_wave"},"elements":[{"from":[-5.9631567,-4.1296005,-5.5813293],"to":[-5.9631567,20.1296,10.013871],"faces":{"east":{"uv":[3.125,0.0,5.125,3.0],"tintindex":0,"rotation":0,"texture":"#0"},"west":{"uv":[3.125,3.125,5.125,6.125],"tintindex":0,"rotation":0,"texture":"#0"}},"rotation":{"origin":[8.0,8.0,8.0],"angle":22.5,"axis":"y"}},{"from":[-4.1295996,-5.9631577,-5.5813274],"to":[20.1296,-5.9631577,10.013871],"faces":{"up":{"uv":[3.125,0.0,5.125,3.0],"tintindex":0,"rotation":270,"texture":"#0"},"down":{"uv":[3.125,3.125,5.125,6.125],"tintindex":0,"rotation":270,"texture":"#0"}},"rotation":{"origin":[8.0,8.0,8.0],"angle":-22.5,"axis":"x"}},{"from":[21.963158,-4.1296005,-5.5813293],"to":[21.963158,20.1296,10.013871],"faces":{"east":{"uv":[5.25,0.0,7.25,3.0],"tintindex":0,"rotation":0,"texture":"#0"},"west":{"uv":[5.25,3.125,7.25,6.125],"tintindex":0,"rotation":0,"texture":"#0"}},"rotation":{"origin":[8.0,8.0,8.0],"angle":-22.5,"axis":"y"}},{"from":[-4.1295996,21.963158,-5.5813274],"to":[20.1296,21.963158,10.013871],"faces":{"up":{"uv":[5.25,0.0,7.25,3.0],"tintindex":0,"rotation":270,"texture":"#0"},"down":{"uv":[5.25,3.125,7.25,6.125],"tintindex":0,"rotation":270,"texture":"#0"}},"rotation":{"origin":[8.0,8.0,8.0],"angle":22.5,"axis":"x"}}],"display":{"gui":{"rotation":[30,225,0]}}}